,date,index,index,index,index,index,index,index,index,index,index
topico,,0,1,2,3,4,5,6,7,8,9
0,1990-01-31,,5.0,1.0,2.0,2.0,1.0,1.0,1.0,2.0,4.0
1,1990-02-28,,4.0,1.0,,1.0,3.0,6.0,3.0,3.0,3.0
2,1990-03-31,1.0,2.0,2.0,,1.0,2.0,1.0,1.0,,4.0
3,1990-04-30,,4.0,1.0,2.0,1.0,1.0,1.0,1.0,1.0,
4,1990-05-31,,8.0,,6.0,2.0,2.0,,2.0,1.0,3.0
5,1990-06-30,,2.0,,1.0,1.0,2.0,2.0,,2.0,1.0
6,1990-07-31,,2.0,,,1.0,,2.0,1.0,,2.0
7,1990-08-31,1.0,3.0,1.0,1.0,1.0,5.0,1.0,,,12.0
8,1990-09-30,2.0,3.0,1.0,2.0,1.0,1.0,4.0,1.0,2.0,9.0
9,1990-10-31,,6.0,1.0,,1.0,4.0,1.0,,,3.0
10,1990-11-30,,4.0,,3.0,1.0,,3.0,1.0,3.0,4.0
11,1990-12-31,,1.0,,2.0,,3.0,,2.0,,3.0
12,1991-01-31,,10.0,,7.0,,4.0,8.0,2.0,4.0,17.0
13,1991-02-28,1.0,3.0,4.0,8.0,3.0,4.0,3.0,2.0,3.0,5.0
14,1991-03-31,1.0,,1.0,2.0,1.0,3.0,4.0,,,6.0
15,1991-04-30,,3.0,1.0,2.0,,1.0,,,,1.0
16,1991-05-31,,2.0,1.0,6.0,1.0,2.0,1.0,3.0,1.0,
17,1991-06-30,1.0,2.0,,6.0,1.0,1.0,,,3.0,
18,1991-07-31,1.0,4.0,1.0,4.0,1.0,1.0,2.0,1.0,3.0,2.0
19,1991-08-31,1.0,,2.0,,2.0,4.0,3.0,,2.0,7.0
20,1991-09-30,,4.0,1.0,3.0,1.0,1.0,5.0,,1.0,1.0
21,1991-10-31,2.0,2.0,,3.0,1.0,4.0,1.0,1.0,2.0,3.0
22,1991-11-30,,2.0,,1.0,3.0,,1.0,2.0,1.0,2.0
23,1991-12-31,2.0,6.0,,2.0,1.0,2.0,,4.0,1.0,4.0
24,1992-01-31,,1.0,,1.0,3.0,1.0,,1.0,1.0,
25,1992-02-29,,2.0,,4.0,,,,1.0,,1.0
26,1992-03-31,,2.0,1.0,5.0,1.0,1.0,,1.0,,1.0
27,1992-04-30,,,1.0,1.0,,,2.0,,1.0,4.0
28,1992-05-31,,3.0,1.0,3.0,,,,,,
29,1992-06-30,2.0,5.0,5.0,,,2.0,4.0,,2.0,18.0
30,1992-07-31,,7.0,2.0,1.0,2.0,1.0,3.0,1.0,,6.0
31,1992-08-31,1.0,2.0,2.0,8.0,3.0,1.0,5.0,1.0,1.0,4.0
32,1992-09-30,1.0,6.0,2.0,6.0,1.0,9.0,5.0,1.0,3.0,7.0
33,1992-10-31,,7.0,3.0,7.0,2.0,1.0,12.0,5.0,1.0,8.0
34,1992-11-30,3.0,8.0,5.0,4.0,1.0,4.0,4.0,1.0,3.0,2.0
35,1992-12-31,3.0,6.0,1.0,4.0,1.0,2.0,1.0,,2.0,1.0
36,1993-01-31,,,1.0,,1.0,,,,1.0,
37,1993-02-28,1.0,4.0,2.0,1.0,1.0,,4.0,,1.0,1.0
38,1993-03-31,1.0,2.0,3.0,2.0,,2.0,3.0,1.0,1.0,
39,1993-04-30,,,3.0,1.0,2.0,4.0,1.0,,1.0,
40,1993-05-31,,6.0,4.0,1.0,3.0,2.0,4.0,1.0,1.0,3.0
41,1993-06-30,,9.0,4.0,2.0,5.0,,3.0,,1.0,4.0
42,1993-07-31,2.0,5.0,2.0,3.0,3.0,2.0,6.0,2.0,3.0,1.0
43,1993-08-31,1.0,4.0,3.0,4.0,3.0,1.0,2.0,2.0,2.0,
44,1993-09-30,1.0,3.0,1.0,2.0,7.0,,6.0,,1.0,3.0
45,1993-10-31,,4.0,3.0,6.0,4.0,,5.0,3.0,6.0,2.0
46,1993-11-30,,6.0,4.0,3.0,3.0,2.0,5.0,3.0,2.0,1.0
47,1993-12-31,1.0,9.0,2.0,4.0,9.0,4.0,6.0,,2.0,
48,1994-01-31,,3.0,12.0,4.0,8.0,10.0,,3.0,9.0,6.0
49,1994-02-28,4.0,5.0,6.0,4.0,2.0,3.0,4.0,1.0,5.0,1.0
50,1994-03-31,6.0,11.0,31.0,4.0,8.0,3.0,4.0,,12.0,19.0
51,1994-04-30,4.0,17.0,15.0,10.0,6.0,7.0,16.0,6.0,12.0,3.0
52,1994-05-31,6.0,2.0,3.0,5.0,16.0,2.0,17.0,3.0,8.0,6.0
53,1994-06-30,1.0,9.0,9.0,7.0,5.0,6.0,11.0,,10.0,4.0
54,1994-07-31,1.0,3.0,15.0,6.0,18.0,5.0,19.0,2.0,5.0,1.0
55,1994-08-31,1.0,10.0,19.0,3.0,9.0,6.0,15.0,5.0,5.0,4.0
56,1994-09-30,2.0,3.0,2.0,4.0,17.0,2.0,5.0,4.0,10.0,3.0
57,1994-10-31,1.0,13.0,4.0,2.0,8.0,4.0,6.0,4.0,11.0,3.0
58,1994-11-30,2.0,10.0,14.0,4.0,6.0,2.0,7.0,4.0,7.0,2.0
59,1994-12-31,2.0,8.0,17.0,4.0,6.0,11.0,22.0,7.0,4.0,8.0
60,1995-01-31,3.0,24.0,16.0,7.0,,4.0,26.0,9.0,19.0,9.0
61,1995-02-28,4.0,9.0,14.0,2.0,2.0,5.0,30.0,5.0,3.0,1.0
62,1995-03-31,8.0,10.0,10.0,6.0,,3.0,10.0,6.0,9.0,3.0
63,1995-04-30,1.0,7.0,3.0,1.0,1.0,2.0,4.0,1.0,6.0,2.0
64,1995-05-31,4.0,12.0,6.0,6.0,,3.0,8.0,1.0,6.0,1.0
65,1995-06-30,3.0,1.0,4.0,2.0,,,,2.0,1.0,
66,1995-07-31,2.0,2.0,5.0,1.0,,5.0,7.0,5.0,4.0,1.0
67,1995-08-31,1.0,9.0,4.0,,,7.0,2.0,1.0,2.0,
68,1995-09-30,3.0,5.0,6.0,,,2.0,5.0,2.0,9.0,
69,1995-10-31,1.0,14.0,22.0,2.0,3.0,3.0,15.0,5.0,9.0,5.0
70,1995-11-30,6.0,23.0,9.0,,2.0,5.0,30.0,4.0,9.0,2.0
71,1995-12-31,6.0,4.0,4.0,1.0,4.0,1.0,4.0,2.0,5.0,
72,1996-01-31,4.0,,10.0,2.0,,3.0,4.0,1.0,6.0,2.0
73,1996-02-29,1.0,3.0,4.0,2.0,1.0,3.0,5.0,,3.0,4.0
74,1996-03-31,6.0,1.0,5.0,1.0,1.0,,8.0,1.0,11.0,3.0
75,1996-04-30,,2.0,2.0,,,1.0,2.0,1.0,5.0,
76,1996-05-31,4.0,1.0,5.0,,1.0,2.0,4.0,2.0,4.0,1.0
77,1996-06-30,2.0,1.0,3.0,2.0,,1.0,2.0,1.0,3.0,1.0
78,1996-07-31,1.0,7.0,6.0,,2.0,4.0,11.0,3.0,3.0,2.0
79,1996-08-31,4.0,4.0,3.0,,3.0,,1.0,3.0,4.0,
80,1996-09-30,1.0,5.0,3.0,1.0,,,5.0,,6.0,1.0
81,1996-10-31,1.0,3.0,10.0,3.0,,6.0,16.0,3.0,3.0,4.0
82,1996-11-30,2.0,2.0,10.0,,,1.0,4.0,2.0,5.0,1.0
83,1996-12-31,6.0,,6.0,2.0,1.0,4.0,10.0,1.0,16.0,
84,1997-01-31,3.0,5.0,4.0,,3.0,4.0,4.0,2.0,7.0,1.0
85,1997-02-28,1.0,3.0,2.0,1.0,2.0,4.0,7.0,2.0,2.0,1.0
86,1997-03-31,2.0,4.0,6.0,,,9.0,9.0,,1.0,5.0
87,1997-04-30,1.0,12.0,7.0,1.0,,2.0,8.0,,9.0,
88,1997-05-31,1.0,1.0,8.0,,1.0,2.0,12.0,4.0,7.0,
89,1997-06-30,,4.0,11.0,,3.0,1.0,8.0,4.0,6.0,
90,1997-07-31,2.0,2.0,5.0,,3.0,2.0,1.0,,1.0,1.0
91,1997-08-31,2.0,3.0,2.0,,3.0,3.0,1.0,1.0,8.0,2.0
92,1997-09-30,3.0,,5.0,2.0,3.0,,2.0,2.0,3.0,
93,1997-10-31,,4.0,4.0,,2.0,5.0,3.0,1.0,5.0,5.0
94,1997-11-30,,1.0,3.0,1.0,,13.0,10.0,4.0,14.0,4.0
95,1997-12-31,1.0,4.0,4.0,,1.0,16.0,7.0,1.0,6.0,4.0
96,1998-01-31,,3.0,4.0,1.0,,7.0,9.0,2.0,7.0,5.0
97,1998-02-28,3.0,,1.0,1.0,7.0,5.0,13.0,1.0,3.0,6.0
98,1998-03-31,3.0,6.0,4.0,1.0,2.0,5.0,24.0,1.0,8.0,3.0
99,1998-04-30,1.0,,5.0,3.0,7.0,1.0,13.0,3.0,7.0,1.0
100,1998-05-31,1.0,2.0,7.0,1.0,6.0,5.0,7.0,7.0,10.0,8.0
101,1998-06-30,2.0,5.0,5.0,1.0,6.0,7.0,24.0,9.0,14.0,6.0
102,1998-07-31,1.0,37.0,11.0,2.0,4.0,5.0,7.0,1.0,8.0,2.0
103,1998-08-31,1.0,12.0,11.0,3.0,4.0,17.0,18.0,4.0,16.0,12.0
104,1998-09-30,10.0,15.0,13.0,8.0,6.0,20.0,32.0,5.0,17.0,5.0
105,1998-10-31,1.0,4.0,3.0,4.0,8.0,16.0,13.0,1.0,16.0,2.0
106,1998-11-30,3.0,9.0,7.0,4.0,2.0,4.0,9.0,17.0,6.0,7.0
107,1998-12-31,6.0,4.0,9.0,3.0,7.0,6.0,13.0,11.0,8.0,3.0
108,1999-01-31,7.0,5.0,14.0,4.0,1.0,16.0,22.0,11.0,18.0,9.0
109,1999-02-28,1.0,2.0,11.0,1.0,6.0,11.0,9.0,1.0,20.0,1.0
110,1999-03-31,9.0,6.0,1.0,2.0,2.0,8.0,10.0,4.0,7.0,2.0
111,1999-04-30,1.0,9.0,10.0,3.0,5.0,6.0,31.0,1.0,7.0,1.0
112,1999-05-31,5.0,7.0,7.0,,3.0,8.0,18.0,2.0,1.0,9.0
113,1999-06-30,5.0,4.0,10.0,2.0,3.0,12.0,16.0,5.0,7.0,10.0
114,1999-07-31,2.0,8.0,11.0,1.0,4.0,14.0,8.0,2.0,5.0,14.0
115,1999-08-31,6.0,5.0,13.0,4.0,4.0,4.0,19.0,6.0,8.0,6.0
116,1999-09-30,2.0,10.0,19.0,3.0,8.0,7.0,30.0,9.0,11.0,4.0
117,1999-10-31,5.0,1.0,6.0,4.0,4.0,4.0,15.0,2.0,8.0,5.0
118,1999-11-30,,5.0,7.0,,8.0,5.0,17.0,3.0,8.0,
119,1999-12-31,4.0,6.0,2.0,,8.0,5.0,3.0,4.0,6.0,
120,2000-01-31,7.0,6.0,8.0,,6.0,4.0,16.0,2.0,12.0,15.0
121,2000-02-29,1.0,6.0,4.0,,3.0,,13.0,2.0,13.0,2.0
122,2000-03-31,2.0,2.0,4.0,3.0,2.0,3.0,13.0,2.0,,3.0
123,2000-04-30,2.0,3.0,2.0,4.0,5.0,8.0,11.0,4.0,4.0,8.0
124,2000-05-31,,7.0,13.0,2.0,6.0,4.0,11.0,1.0,3.0,4.0
125,2000-06-30,6.0,11.0,31.0,2.0,2.0,7.0,32.0,9.0,7.0,7.0
126,2000-07-31,4.0,3.0,21.0,2.0,3.0,,6.0,1.0,11.0,4.0
127,2000-08-31,2.0,5.0,3.0,2.0,,,1.0,3.0,5.0,6.0
128,2000-09-30,1.0,3.0,8.0,3.0,1.0,7.0,6.0,3.0,,1.0
129,2000-10-31,2.0,6.0,5.0,7.0,,1.0,13.0,2.0,10.0,1.0
130,2000-11-30,1.0,5.0,25.0,7.0,5.0,22.0,17.0,1.0,8.0,3.0
131,2000-12-31,5.0,5.0,9.0,5.0,7.0,6.0,7.0,,3.0,1.0
132,2001-01-31,6.0,15.0,8.0,15.0,1.0,10.0,14.0,5.0,4.0,4.0
133,2001-02-28,1.0,1.0,,5.0,4.0,10.0,3.0,3.0,2.0,2.0
134,2001-03-31,4.0,4.0,8.0,4.0,3.0,18.0,2.0,5.0,6.0,7.0
135,2001-04-30,6.0,7.0,13.0,6.0,10.0,20.0,8.0,8.0,5.0,9.0
136,2001-05-31,3.0,15.0,16.0,13.0,8.0,14.0,16.0,19.0,8.0,5.0
137,2001-06-30,6.0,14.0,4.0,5.0,14.0,14.0,10.0,5.0,8.0,6.0
138,2001-07-31,8.0,10.0,12.0,10.0,13.0,18.0,5.0,7.0,10.0,8.0
139,2001-08-31,,8.0,7.0,3.0,15.0,9.0,8.0,6.0,9.0,9.0
140,2001-09-30,27.0,25.0,12.0,16.0,19.0,39.0,23.0,19.0,18.0,26.0
141,2001-10-31,25.0,10.0,7.0,23.0,21.0,33.0,12.0,33.0,28.0,12.0
142,2001-11-30,10.0,9.0,8.0,4.0,23.0,6.0,9.0,18.0,13.0,3.0
143,2001-12-31,16.0,5.0,11.0,10.0,11.0,8.0,12.0,14.0,13.0,4.0
144,2002-01-31,10.0,5.0,11.0,4.0,5.0,23.0,5.0,17.0,12.0,6.0
145,2002-02-28,3.0,9.0,7.0,5.0,4.0,12.0,4.0,9.0,12.0,1.0
146,2002-03-31,3.0,3.0,1.0,4.0,9.0,10.0,2.0,3.0,5.0,1.0
147,2002-04-30,,,9.0,4.0,7.0,8.0,5.0,1.0,6.0,2.0
148,2002-05-31,2.0,4.0,8.0,5.0,5.0,11.0,4.0,6.0,8.0,1.0
149,2002-06-30,11.0,3.0,15.0,1.0,5.0,13.0,9.0,4.0,11.0,4.0
150,2002-07-31,3.0,8.0,16.0,2.0,8.0,20.0,18.0,12.0,12.0,9.0
151,2002-08-31,2.0,,20.0,9.0,42.0,24.0,13.0,15.0,13.0,25.0
152,2002-09-30,6.0,20.0,6.0,11.0,32.0,21.0,34.0,10.0,18.0,24.0
153,2002-10-31,7.0,,11.0,9.0,18.0,20.0,29.0,14.0,21.0,10.0
154,2002-11-30,1.0,11.0,18.0,18.0,33.0,23.0,14.0,15.0,9.0,4.0
155,2002-12-31,9.0,4.0,12.0,7.0,19.0,26.0,7.0,22.0,7.0,5.0
156,2003-01-31,14.0,12.0,33.0,16.0,32.0,44.0,53.0,49.0,24.0,21.0
157,2003-02-28,12.0,20.0,26.0,22.0,50.0,17.0,28.0,31.0,10.0,16.0
158,2003-03-31,16.0,9.0,19.0,45.0,39.0,42.0,60.0,27.0,12.0,27.0
159,2003-04-30,17.0,2.0,20.0,33.0,51.0,45.0,15.0,6.0,10.0,2.0
160,2003-05-31,4.0,14.0,23.0,12.0,32.0,11.0,15.0,10.0,6.0,5.0
161,2003-06-30,4.0,8.0,6.0,4.0,16.0,13.0,3.0,2.0,8.0,
162,2003-07-31,1.0,8.0,10.0,16.0,20.0,11.0,7.0,11.0,7.0,3.0
163,2003-08-31,10.0,13.0,7.0,3.0,33.0,11.0,8.0,4.0,8.0,3.0
164,2003-09-30,3.0,5.0,10.0,17.0,18.0,14.0,1.0,7.0,18.0,5.0
165,2003-10-31,5.0,1.0,5.0,2.0,10.0,11.0,10.0,6.0,6.0,
166,2003-11-30,4.0,8.0,20.0,10.0,8.0,5.0,6.0,5.0,15.0,7.0
167,2003-12-31,5.0,8.0,26.0,13.0,25.0,5.0,19.0,22.0,16.0,14.0
168,2004-01-31,9.0,7.0,7.0,7.0,25.0,13.0,9.0,5.0,9.0,3.0
169,2004-02-29,2.0,2.0,5.0,2.0,8.0,6.0,,12.0,3.0,3.0
170,2004-03-31,6.0,10.0,4.0,3.0,25.0,11.0,3.0,4.0,7.0,7.0
171,2004-04-30,8.0,3.0,1.0,5.0,7.0,7.0,2.0,1.0,3.0,8.0
172,2004-05-31,6.0,7.0,5.0,11.0,11.0,19.0,15.0,5.0,4.0,17.0
173,2004-06-30,1.0,6.0,9.0,2.0,10.0,13.0,12.0,4.0,3.0,12.0
174,2004-07-31,2.0,5.0,8.0,3.0,8.0,8.0,1.0,9.0,7.0,6.0
175,2004-08-31,7.0,4.0,6.0,6.0,6.0,8.0,9.0,3.0,4.0,11.0
176,2004-09-30,6.0,1.0,3.0,3.0,7.0,9.0,6.0,1.0,1.0,8.0
177,2004-10-31,3.0,13.0,21.0,8.0,6.0,7.0,3.0,7.0,7.0,13.0
178,2004-11-30,6.0,,20.0,4.0,15.0,5.0,3.0,9.0,3.0,9.0
179,2004-12-31,5.0,4.0,9.0,1.0,13.0,9.0,6.0,9.0,4.0,1.0
180,2005-01-31,6.0,10.0,10.0,,3.0,4.0,11.0,4.0,9.0,5.0
181,2005-02-28,4.0,,11.0,1.0,11.0,,10.0,1.0,3.0,5.0
182,2005-03-31,5.0,5.0,8.0,2.0,7.0,16.0,3.0,,2.0,1.0
183,2005-04-30,1.0,7.0,15.0,,12.0,14.0,25.0,11.0,8.0,14.0
184,2005-05-31,,9.0,6.0,,19.0,5.0,8.0,14.0,8.0,9.0
185,2005-06-30,11.0,5.0,,,5.0,6.0,,3.0,8.0,8.0
186,2005-07-31,8.0,,6.0,7.0,,7.0,8.0,,6.0,5.0
187,2005-08-31,6.0,,2.0,3.0,3.0,,5.0,,11.0,5.0
188,2005-09-30,3.0,2.0,17.0,4.0,13.0,9.0,7.0,10.0,2.0,14.0
189,2005-10-31,7.0,,7.0,3.0,4.0,8.0,7.0,10.0,12.0,
190,2005-11-30,,5.0,6.0,6.0,2.0,11.0,12.0,2.0,6.0,12.0
191,2005-12-31,5.0,3.0,18.0,5.0,9.0,6.0,5.0,4.0,3.0,
192,2006-01-31,10.0,,16.0,5.0,3.0,3.0,6.0,4.0,9.0,8.0
193,2006-02-28,3.0,2.0,5.0,1.0,4.0,9.0,2.0,5.0,1.0,2.0
194,2006-03-31,3.0,4.0,8.0,2.0,6.0,,5.0,,7.0,8.0
195,2006-04-30,5.0,2.0,16.0,,14.0,14.0,1.0,1.0,4.0,4.0
196,2006-05-31,3.0,4.0,9.0,3.0,8.0,1.0,21.0,1.0,3.0,19.0
197,2006-06-30,1.0,4.0,7.0,2.0,13.0,6.0,7.0,12.0,9.0,39.0
198,2006-07-31,1.0,,26.0,7.0,5.0,5.0,14.0,3.0,7.0,39.0
199,2006-08-31,2.0,3.0,14.0,9.0,7.0,5.0,10.0,4.0,11.0,17.0
200,2006-09-30,6.0,4.0,13.0,2.0,9.0,2.0,,3.0,1.0,34.0
201,2006-10-31,3.0,5.0,,2.0,2.0,5.0,4.0,,2.0,5.0
202,2006-11-30,4.0,,9.0,4.0,3.0,3.0,6.0,1.0,7.0,6.0
203,2006-12-31,4.0,1.0,12.0,,5.0,2.0,4.0,9.0,6.0,7.0
204,2007-01-31,1.0,,6.0,9.0,,2.0,5.0,7.0,2.0,18.0
205,2007-02-28,1.0,,3.0,2.0,2.0,3.0,5.0,,,9.0
206,2007-03-31,,,,,1.0,5.0,6.0,2.0,4.0,38.0
207,2007-04-30,,2.0,7.0,8.0,5.0,6.0,2.0,,1.0,12.0
208,2007-05-31,,6.0,1.0,2.0,4.0,1.0,13.0,,17.0,
209,2007-06-30,7.0,1.0,,,,6.0,11.0,13.0,8.0,14.0
210,2007-07-31,6.0,4.0,13.0,5.0,14.0,,2.0,14.0,3.0,16.0
211,2007-08-31,6.0,,7.0,6.0,4.0,7.0,14.0,12.0,6.0,20.0
212,2007-09-30,2.0,7.0,4.0,7.0,14.0,9.0,16.0,10.0,10.0,22.0
213,2007-10-31,8.0,10.0,12.0,7.0,6.0,1.0,21.0,2.0,6.0,22.0
214,2007-11-30,3.0,7.0,4.0,3.0,3.0,10.0,12.0,2.0,6.0,27.0
215,2007-12-31,10.0,,28.0,14.0,15.0,5.0,20.0,3.0,5.0,25.0
216,2008-01-31,8.0,3.0,12.0,12.0,20.0,21.0,19.0,14.0,3.0,23.0
217,2008-02-29,10.0,,4.0,13.0,9.0,14.0,10.0,9.0,5.0,28.0
218,2008-03-31,3.0,12.0,5.0,2.0,2.0,14.0,11.0,4.0,3.0,5.0
219,2008-04-30,3.0,10.0,7.0,9.0,15.0,13.0,12.0,7.0,9.0,1.0
220,2008-05-31,5.0,2.0,12.0,14.0,10.0,11.0,13.0,6.0,3.0,8.0
221,2008-06-30,,2.0,10.0,8.0,6.0,11.0,7.0,6.0,2.0,8.0
222,2008-07-31,5.0,1.0,4.0,6.0,12.0,12.0,15.0,,2.0,7.0
223,2008-08-31,6.0,8.0,11.0,8.0,9.0,7.0,15.0,3.0,9.0,4.0
224,2008-09-30,4.0,8.0,19.0,8.0,7.0,35.0,16.0,12.0,18.0,40.0
225,2008-10-31,34.0,16.0,43.0,20.0,27.0,29.0,58.0,19.0,17.0,59.0
226,2008-11-30,23.0,4.0,24.0,14.0,22.0,23.0,21.0,6.0,9.0,48.0
227,2008-12-31,10.0,11.0,1.0,19.0,22.0,12.0,13.0,6.0,10.0,10.0
228,2009-01-31,32.0,9.0,13.0,13.0,6.0,22.0,30.0,5.0,27.0,10.0
229,2009-02-28,14.0,11.0,18.0,10.0,8.0,30.0,33.0,12.0,2.0,36.0
230,2009-03-31,14.0,12.0,4.0,7.0,13.0,21.0,5.0,12.0,7.0,33.0
231,2009-04-30,12.0,6.0,1.0,3.0,13.0,12.0,14.0,3.0,4.0,10.0
232,2009-05-31,24.0,14.0,1.0,4.0,9.0,12.0,,,6.0,9.0
233,2009-06-30,9.0,1.0,4.0,8.0,19.0,6.0,6.0,14.0,2.0,12.0
234,2009-07-31,6.0,3.0,6.0,1.0,7.0,22.0,2.0,2.0,5.0,15.0
235,2009-08-31,14.0,1.0,3.0,1.0,5.0,17.0,,3.0,5.0,16.0
236,2009-09-30,7.0,,2.0,7.0,3.0,19.0,2.0,11.0,12.0,16.0
237,2009-10-31,2.0,7.0,7.0,6.0,2.0,14.0,5.0,7.0,,15.0
238,2009-11-30,4.0,2.0,8.0,1.0,10.0,8.0,7.0,8.0,,34.0
239,2009-12-31,6.0,3.0,8.0,1.0,6.0,10.0,,14.0,5.0,10.0
240,2010-01-31,19.0,1.0,18.0,11.0,10.0,6.0,18.0,7.0,2.0,3.0
241,2010-02-28,8.0,,,2.0,18.0,13.0,1.0,1.0,10.0,29.0
242,2010-03-31,3.0,4.0,,3.0,1.0,17.0,4.0,9.0,1.0,13.0
243,2010-04-30,6.0,3.0,8.0,13.0,22.0,9.0,9.0,3.0,12.0,26.0
244,2010-05-31,10.0,3.0,7.0,6.0,4.0,36.0,26.0,3.0,15.0,59.0
245,2010-06-30,4.0,,3.0,4.0,8.0,23.0,6.0,6.0,13.0,53.0
246,2010-07-31,14.0,2.0,4.0,4.0,19.0,10.0,7.0,9.0,11.0,22.0
247,2010-08-31,5.0,,8.0,6.0,15.0,13.0,5.0,5.0,6.0,36.0
248,2010-09-30,6.0,9.0,9.0,9.0,21.0,21.0,7.0,15.0,14.0,27.0
249,2010-10-31,12.0,8.0,21.0,10.0,13.0,21.0,,15.0,14.0,18.0
250,2010-11-30,2.0,5.0,3.0,2.0,15.0,21.0,22.0,11.0,5.0,26.0
251,2010-12-31,1.0,,2.0,1.0,16.0,15.0,6.0,1.0,18.0,19.0
252,2011-01-31,7.0,1.0,9.0,,9.0,24.0,13.0,7.0,11.0,18.0
253,2011-02-28,1.0,4.0,3.0,9.0,,9.0,10.0,2.0,2.0,17.0
254,2011-03-31,10.0,6.0,3.0,5.0,11.0,20.0,29.0,2.0,5.0,30.0
255,2011-04-30,3.0,7.0,10.0,,3.0,12.0,11.0,2.0,9.0,18.0
256,2011-05-31,9.0,,3.0,7.0,5.0,12.0,5.0,3.0,6.0,26.0
257,2011-06-30,2.0,4.0,22.0,,5.0,8.0,5.0,2.0,5.0,28.0
258,2011-07-31,7.0,,16.0,1.0,34.0,37.0,16.0,13.0,5.0,48.0
259,2011-08-31,8.0,16.0,33.0,23.0,64.0,99.0,44.0,17.0,18.0,72.0
260,2011-09-30,4.0,3.0,12.0,18.0,20.0,66.0,14.0,36.0,20.0,81.0
261,2011-10-31,6.0,5.0,8.0,13.0,19.0,61.0,20.0,14.0,9.0,51.0
262,2011-11-30,3.0,10.0,8.0,28.0,20.0,61.0,14.0,17.0,21.0,44.0
263,2011-12-31,18.0,17.0,5.0,17.0,66.0,77.0,17.0,16.0,3.0,62.0
264,2012-01-31,13.0,3.0,6.0,16.0,45.0,63.0,23.0,50.0,22.0,133.0
265,2012-02-29,1.0,7.0,2.0,34.0,20.0,86.0,17.0,23.0,13.0,99.0
266,2012-03-31,2.0,12.0,,25.0,8.0,27.0,,13.0,4.0,67.0
267,2012-04-30,5.0,1.0,5.0,9.0,18.0,50.0,16.0,10.0,21.0,31.0
268,2012-05-31,8.0,17.0,14.0,11.0,18.0,92.0,17.0,10.0,,79.0
269,2012-06-30,15.0,15.0,25.0,29.0,42.0,148.0,33.0,28.0,15.0,60.0
270,2012-07-31,7.0,,8.0,23.0,42.0,59.0,18.0,11.0,10.0,31.0
271,2012-08-31,8.0,3.0,9.0,4.0,25.0,63.0,25.0,14.0,11.0,49.0
272,2012-09-30,12.0,8.0,6.0,27.0,8.0,50.0,8.0,14.0,12.0,30.0
273,2012-10-31,9.0,9.0,15.0,15.0,30.0,60.0,4.0,17.0,1.0,54.0
274,2012-11-30,9.0,6.0,5.0,25.0,34.0,55.0,12.0,21.0,14.0,57.0
275,2012-12-31,5.0,11.0,18.0,,26.0,38.0,7.0,13.0,11.0,39.0
276,2013-01-31,15.0,7.0,4.0,21.0,32.0,52.0,37.0,4.0,6.0,18.0
277,2013-02-28,9.0,2.0,9.0,20.0,27.0,31.0,10.0,4.0,11.0,30.0
278,2013-03-31,5.0,3.0,10.0,7.0,21.0,52.0,,4.0,13.0,29.0
279,2013-04-30,7.0,3.0,,23.0,18.0,18.0,14.0,,6.0,20.0
280,2013-05-31,7.0,,9.0,4.0,7.0,12.0,3.0,14.0,,27.0
281,2013-06-30,,,,10.0,16.0,39.0,6.0,7.0,8.0,64.0
282,2013-07-31,4.0,3.0,17.0,2.0,31.0,22.0,8.0,2.0,6.0,24.0
283,2013-08-31,5.0,3.0,5.0,20.0,9.0,21.0,11.0,7.0,9.0,46.0
284,2013-09-30,,3.0,11.0,12.0,17.0,30.0,31.0,16.0,,48.0
285,2013-10-31,,,15.0,11.0,28.0,48.0,18.0,17.0,15.0,39.0
286,2013-11-30,,,9.0,,8.0,39.0,12.0,4.0,5.0,22.0
287,2013-12-31,4.0,3.0,1.0,1.0,18.0,15.0,5.0,,9.0,6.0
288,2014-01-31,5.0,10.0,6.0,3.0,17.0,16.0,20.0,,10.0,10.0
289,2014-02-28,8.0,4.0,2.0,3.0,8.0,13.0,14.0,12.0,14.0,21.0
290,2014-03-31,14.0,8.0,3.0,9.0,6.0,49.0,7.0,6.0,5.0,9.0
291,2014-04-30,11.0,4.0,1.0,7.0,12.0,15.0,,2.0,2.0,9.0
292,2014-05-31,7.0,,,8.0,13.0,19.0,8.0,11.0,8.0,
293,2014-06-30,9.0,,6.0,4.0,9.0,12.0,7.0,15.0,8.0,6.0
294,2014-07-31,,,1.0,,7.0,21.0,2.0,,,3.0
295,2014-08-31,4.0,3.0,3.0,6.0,7.0,18.0,,11.0,11.0,9.0
296,2014-09-30,5.0,,,9.0,,41.0,6.0,3.0,,9.0
297,2014-10-31,7.0,,10.0,1.0,16.0,3.0,19.0,10.0,15.0,18.0
298,2014-11-30,4.0,3.0,3.0,19.0,12.0,14.0,6.0,7.0,6.0,3.0
299,2014-12-31,9.0,,12.0,,7.0,17.0,9.0,,1.0,13.0
300,2015-01-31,5.0,,1.0,12.0,14.0,31.0,14.0,17.0,5.0,9.0
301,2015-02-28,,,,,14.0,6.0,7.0,4.0,10.0,
302,2015-03-31,5.0,4.0,6.0,2.0,3.0,15.0,16.0,3.0,8.0,13.0
303,2015-04-30,,4.0,5.0,3.0,7.0,24.0,9.0,,5.0,3.0
304,2015-05-31,2.0,2.0,,4.0,3.0,12.0,11.0,3.0,4.0,9.0
305,2015-06-30,5.0,6.0,3.0,,3.0,35.0,14.0,9.0,,9.0
306,2015-07-31,3.0,7.0,,12.0,6.0,41.0,29.0,3.0,1.0,9.0
307,2015-08-31,4.0,3.0,11.0,,22.0,32.0,32.0,,5.0,24.0
308,2015-09-30,,,2.0,9.0,27.0,27.0,35.0,25.0,5.0,40.0
309,2015-10-31,,3.0,3.0,6.0,4.0,33.0,21.0,3.0,8.0,
310,2015-11-30,2.0,3.0,8.0,4.0,,19.0,6.0,13.0,2.0,
311,2015-12-31,5.0,,21.0,9.0,3.0,15.0,22.0,11.0,3.0,6.0
312,2016-01-31,3.0,,12.0,5.0,9.0,38.0,38.0,6.0,4.0,6.0
313,2016-02-29,,3.0,7.0,,11.0,27.0,20.0,5.0,,9.0
314,2016-03-31,3.0,,4.0,9.0,8.0,18.0,12.0,4.0,4.0,9.0
315,2016-04-30,,,5.0,4.0,11.0,26.0,6.0,,,6.0
316,2016-05-31,,3.0,8.0,8.0,15.0,20.0,20.0,10.0,13.0,12.0
317,2016-06-30,11.0,,22.0,14.0,22.0,52.0,37.0,25.0,3.0,15.0
318,2016-07-31,8.0,,12.0,13.0,14.0,72.0,18.0,6.0,14.0,18.0
319,2016-08-31,8.0,,1.0,4.0,20.0,12.0,10.0,,8.0,
320,2016-09-30,6.0,3.0,13.0,4.0,4.0,12.0,13.0,8.0,15.0,11.0
321,2016-10-31,2.0,,20.0,3.0,18.0,15.0,8.0,3.0,7.0,3.0
322,2016-11-30,22.0,6.0,10.0,57.0,24.0,42.0,32.0,33.0,14.0,25.0
323,2016-12-31,18.0,6.0,15.0,41.0,24.0,24.0,36.0,12.0,18.0,7.0
324,2017-01-31,16.0,4.0,25.0,96.0,42.0,37.0,21.0,27.0,26.0,19.0
325,2017-02-28,11.0,8.0,23.0,65.0,23.0,12.0,9.0,27.0,23.0,1.0
326,2017-03-31,11.0,2.0,6.0,39.0,31.0,11.0,23.0,20.0,8.0,6.0
327,2017-04-30,2.0,3.0,16.0,31.0,33.0,12.0,9.0,4.0,11.0,4.0
328,2017-05-31,12.0,3.0,12.0,51.0,25.0,12.0,8.0,10.0,11.0,7.0
329,2017-06-30,6.0,1.0,2.0,33.0,24.0,26.0,8.0,6.0,8.0,9.0
330,2017-07-31,,,6.0,9.0,32.0,3.0,12.0,10.0,,15.0
331,2017-08-31,4.0,4.0,10.0,46.0,20.0,9.0,7.0,12.0,12.0,6.0
332,2017-09-30,,,8.0,20.0,4.0,4.0,7.0,5.0,7.0,12.0
333,2017-10-31,,,7.0,25.0,14.0,7.0,22.0,11.0,7.0,10.0
334,2017-11-30,4.0,1.0,30.0,23.0,35.0,3.0,15.0,13.0,,21.0
335,2017-12-31,7.0,11.0,11.0,25.0,25.0,9.0,8.0,24.0,5.0,6.0
336,2018-01-31,,8.0,17.0,42.0,51.0,23.0,26.0,3.0,5.0,6.0
337,2018-02-28,7.0,8.0,5.0,21.0,19.0,,19.0,7.0,,6.0
338,2018-03-31,2.0,8.0,32.0,28.0,14.0,,11.0,9.0,3.0,3.0
339,2018-04-30,,,36.0,30.0,17.0,9.0,20.0,4.0,,3.0
340,2018-05-31,,6.0,16.0,20.0,22.0,6.0,19.0,25.0,7.0,37.0
341,2018-06-30,3.0,,9.0,62.0,14.0,27.0,42.0,6.0,6.0,12.0
342,2018-07-31,7.0,6.0,17.0,22.0,24.0,13.0,9.0,31.0,7.0,21.0
343,2018-08-31,5.0,6.0,2.0,30.0,40.0,13.0,28.0,10.0,,3.0
344,2018-09-30,7.0,,8.0,31.0,7.0,9.0,2.0,8.0,12.0,6.0
345,2018-10-31,1.0,4.0,28.0,24.0,26.0,22.0,13.0,19.0,8.0,10.0
346,2018-11-30,6.0,7.0,21.0,9.0,22.0,16.0,31.0,36.0,5.0,11.0
347,2018-12-31,6.0,2.0,9.0,18.0,30.0,7.0,11.0,7.0,8.0,17.0
348,2019-01-31,12.0,,10.0,29.0,22.0,28.0,17.0,31.0,11.0,3.0
349,2019-02-28,3.0,,12.0,26.0,14.0,19.0,27.0,16.0,4.0,12.0
350,2019-03-31,2.0,10.0,11.0,13.0,37.0,6.0,7.0,41.0,8.0,14.0
351,2019-04-30,9.0,4.0,13.0,17.0,42.0,28.0,15.0,16.0,11.0,15.0
352,2019-05-31,8.0,5.0,14.0,31.0,38.0,11.0,8.0,32.0,15.0,5.0
353,2019-06-30,2.0,13.0,13.0,59.0,38.0,24.0,16.0,39.0,14.0,11.0
354,2019-07-31,,8.0,15.0,10.0,63.0,14.0,9.0,29.0,8.0,8.0
355,2019-08-31,13.0,10.0,36.0,17.0,72.0,56.0,35.0,17.0,7.0,24.0
356,2019-09-30,16.0,1.0,16.0,11.0,47.0,30.0,15.0,54.0,17.0,8.0
357,2019-10-31,3.0,1.0,10.0,32.0,43.0,25.0,17.0,42.0,14.0,23.0
358,2019-11-30,8.0,5.0,17.0,23.0,38.0,38.0,16.0,31.0,3.0,15.0
359,2019-12-31,11.0,4.0,28.0,32.0,40.0,14.0,11.0,37.0,11.0,6.0
