"","igae","ipc","ifb","cetes","epu","mon","fis","com","reg"
"1"," 61.6600"," 1653.22"," 59.35","16.72"," 0.2798507","0.09328358","0.09328358","0.00000000","0.09328358"
"2"," 62.5778"," 1546.68"," 61.96","17.74"," 1.1255924","0.53317536","0.17772512","0.17772512","0.23696682"
"3"," 62.3423"," 1771.71"," 64.83","17.47"," 0.9139785","0.32258065","0.32258065","0.05376344","0.21505376"
"4"," 62.4215"," 1665.41"," 57.91","16.17"," 0.7080610","0.21786492","0.21786492","0.10893246","0.16339869"
"5"," 63.0411"," 1612.99"," 57.28","15.04"," 1.6012397","0.67148760","0.56818182","0.05165289","0.30991736"
"6"," 62.5691"," 1670.29"," 57.53","15.50"," 1.7690875","0.60521415","0.60521415","0.37243948","0.18621974"
"7"," 63.2106"," 1769.71"," 58.08","13.85"," 1.6349978","0.57445868","0.48608042","0.26513478","0.30932391"
"8"," 63.0373"," 1905.59"," 62.55","13.68"," 1.3201320","0.33003300","0.56577086","0.14144272","0.28288543"
"9"," 62.8239"," 1840.72"," 64.90","13.71"," 1.4388489","0.43165468","0.62350120","0.23980815","0.14388489"
"10"," 62.8741"," 2020.26"," 63.07","13.13"," 2.5219941","0.87976540","0.70381232","0.35190616","0.58651026"
"11"," 62.6660"," 2215.69"," 66.07","14.38"," 4.7323764","1.42559850","1.79299595","0.52910053","0.98468139"
"12"," 63.8866"," 2602.63"," 70.74","11.78"," 4.8165680","1.20710059","2.00000000","0.90335306","0.70611440"
"13"," 64.3740"," 2781.37"," 68.97","10.52"," 6.1785624","1.37323835","1.86267039","0.49010553","2.45254809"
"14"," 64.4017"," 2585.44"," 70.91"," 9.45"," 3.8761657","0.68754181","0.79368827","0.40146775","1.99346791"
"15"," 65.0181"," 2410.40"," 75.10"," 9.73"," 8.4831869","1.98658523","1.19521557","1.04347050","4.25791561"
"16"," 65.9321"," 2294.10"," 71.94","15.79","10.8667990","2.58360055","2.77192447","1.45772892","4.05354507"
"17"," 65.8366"," 2483.70"," 66.95","16.36"," 6.7752567","2.07884396","2.74908100","1.03942198","0.90790975"
"18"," 66.3342"," 2262.60"," 69.25","16.18"," 5.6536947","1.41342368","1.97879315","0.70935795","1.55211994"
"19"," 65.7357"," 2462.30"," 68.82","17.07"," 6.4609521","1.49366792","2.31574416","0.88438554","1.76715446"
"20"," 66.2263"," 2702.70"," 75.37","14.46"," 7.5032431","1.70210576","2.48476566","1.07418275","2.24218896"
"21"," 66.5621"," 2746.10"," 73.97","13.76"," 5.6130307","1.67577275","2.51330781","0.67059015","0.75335998"
"22"," 66.8941"," 2552.10"," 72.13","13.60"," 5.2454263","0.98882399","2.24015799","0.15560849","1.86083585"
"23"," 66.6176"," 2591.30"," 71.20","13.74"," 5.9055118","1.65354331","1.73228346","0.47244094","2.04724409"
"24"," 66.1563"," 2375.70"," 68.89","18.51"," 9.7470081","2.82892746","3.20460684","0.89193372","2.82154010"
"25"," 65.9875"," 2094.00"," 56.30","37.25","16.8616327","5.31448531","5.22032335","0.97990951","5.34691454"
"26"," 62.0124"," 1549.80"," 45.64","41.69","14.5433038","4.71780604","4.26565221","1.90930426","3.65054130"
"27"," 61.4463"," 1832.80"," 47.68","69.54"," 8.4950474","2.48711236","2.71652587","0.69768697","2.59372217"
"28"," 60.8413"," 1960.50"," 41.86","74.75"," 4.6177770","1.70814246","1.39160614","0.44295857","1.07506982"
"29"," 59.6930"," 1945.10"," 39.85","59.17"," 5.7112185","1.88284895","1.88284895","0.07886435","1.86665627"
"30"," 60.5862"," 2196.10"," 40.22","47.25"," 1.4306421","0.31162000","0.31162000","0.10976948","0.69763258"
"31"," 60.8491"," 2375.20"," 41.08","40.94"," 3.5095161","1.06216580","0.80754661","0.80754661","0.83225703"
"32"," 61.3719"," 2517.00"," 44.66","35.14"," 2.8484413","0.45134280","0.82766972","0.26862673","1.30080205"
"33"," 61.8433"," 2392.30"," 45.64","33.46"," 3.6005280","0.84246536","1.13700886","0.08445946","1.53659437"
"34"," 59.9808"," 2302.00"," 45.68","40.29"," 8.7704702","3.04567970","1.63679199","1.30289850","2.78510000"
"35"," 61.9273"," 2689.00"," 47.46","53.16","11.4073932","4.28588402","3.04332726","1.52908972","2.54909219"
"36"," 64.3456"," 2778.50"," 51.48","48.62"," 3.6202732","1.16687189","1.25663850","0.20942408","0.98733868"
"37"," 64.7939"," 3034.70"," 51.95","40.99"," 3.8434276","1.02299473","0.76434991","0.45225566","1.60382726"
"38"," 64.2901"," 2832.50"," 49.43","38.58"," 3.4591077","1.42217871","0.60251172","0.61475024","0.81966699"
"39"," 64.3861"," 3072.40"," 50.54","41.45"," 4.1756891","1.78430261","1.44531519","0.33898742","0.60708393"
"40"," 64.7111"," 3187.20"," 48.40","35.21"," 1.7053025","0.54970990","0.37396298","0.18698149","0.59464817"
"41"," 64.9536"," 3205.50"," 49.48","28.45"," 2.7058140","0.87385601","0.60317743","0.35492458","0.87385601"
"42"," 65.7615"," 3210.80"," 51.25","27.81"," 1.3173905","0.17547762","0.35357201","0.00000000","0.78834090"
"43"," 65.9609"," 3007.20"," 54.67","31.25"," 3.6214322","1.22217738","1.08693018","0.29051541","1.02180920"
"44"," 65.9476"," 3305.50"," 58.10","26.51"," 2.3307284","0.75816495","0.91752749","0.00000000","0.65503597"
"45"," 66.5169"," 3236.30"," 58.57","23.90"," 2.4625470","0.92642513","0.50382995","0.08123477","0.95105714"
"46"," 66.9003"," 3213.30"," 59.95","25.75"," 4.6587091","1.69831927","0.70633649","0.91668158","1.33737177"
"47"," 67.5298"," 3291.70"," 58.34","29.57"," 2.4217595","0.51442709","0.22160101","0.44320202","1.24252940"
"48"," 68.1399"," 3361.00"," 63.09","27.23"," 3.6732120","0.85810364","0.60349487","0.62961629","1.58199724"
"49"," 68.0965"," 3647.20"," 59.84","23.55"," 3.6240718","1.07018578","1.30715260","0.24934669","0.99738677"
"50"," 68.1339"," 3841.00"," 57.24","19.80"," 2.7753446","1.00817135","0.61333549","0.62355876","0.53027902"
"51"," 68.4388"," 3748.00"," 55.66","21.66"," 3.0406979","0.68013382","0.83699657","0.60813958","0.91542794"
"52"," 69.3086"," 3756.60"," 60.13","21.35"," 4.2333242","1.55274977","1.12782463","0.49309146","1.05965831"
"53"," 69.7946"," 3968.81"," 59.20","18.42"," 3.0561064","0.83784417","0.70735815","0.39145805","1.11944607"
"54"," 70.5341"," 4458.00"," 60.36","20.17"," 2.9666455","0.88533954","0.71680417","0.35258444","1.01191735"
"55"," 70.3265"," 5067.80"," 62.67","18.80"," 1.3674939","0.29239766","0.21929825","0.28704892","0.56874911"
"56"," 71.0907"," 4648.40"," 67.91","18.93"," 2.0650905","0.64072484","0.78364086","0.00000000","0.64072484"
"57"," 71.4129"," 5321.50"," 69.05","18.02"," 1.5647837","0.40743931","0.33982606","0.27221281","0.54530551"
"58"," 72.3218"," 4647.84"," 67.03","17.92"," 1.8627430","0.65990068","0.59809598","0.00000000","0.60474631"
"59"," 72.5673"," 4974.57"," 65.66","20.16"," 4.4965802","1.65904588","1.59092599","0.48427570","0.76233261"
"60"," 72.3684"," 5229.35"," 68.24","18.85"," 4.0284187","1.22949163","1.72493141","0.37788290","0.69611278"
"61"," 72.7444"," 4569.36"," 67.17","17.95"," 3.9686589","1.52640725","1.37376653","0.38262097","0.68586411"
"62"," 73.5777"," 4784.45"," 67.24","18.74"," 3.9330815","1.28403931","1.66650085","0.60396790","0.37857346"
"63"," 74.3029"," 5016.22"," 70.97","19.85"," 4.7879170","1.61717674","2.00844397","0.32190129","0.84039499"
"64"," 74.2563"," 5098.53"," 64.18","19.03"," 3.2980118","0.67090705","1.82201627","0.06920415","0.73588431"
"65"," 74.1384"," 4530.01"," 65.55","17.91"," 4.8098306","1.66882469","1.53584597","0.39987769","1.20528221"
"66"," 73.6003"," 4282.62"," 66.29","19.50"," 6.1582977","2.04714618","2.22570296","0.73909113","1.14635743"
"67"," 74.3432"," 4244.96"," 68.11","20.08"," 5.6581207","2.99553361","1.26502448","0.25214266","1.14541992"
"68"," 74.4842"," 2991.93"," 72.77","22.64"," 8.5369722","3.03345832","2.61011740","1.22441453","1.66898191"
"69"," 74.1248"," 3569.88"," 77.05","40.80","11.1183364","3.57379936","3.76684956","1.35202872","2.42565874"
"70"," 73.9037"," 4074.86"," 72.00","34.86"," 5.9548689","1.61691580","2.97327476","0.43651665","0.92816169"
"71"," 74.2407"," 3769.88"," 67.90","32.12"," 7.7128664","2.56903432","2.77339399","0.55954891","1.81088921"
"72"," 74.5989"," 3959.66"," 72.60","33.66"," 7.1728035","2.20098537","3.54917583","0.14265335","1.27998898"
"73"," 75.3564"," 3957.93"," 72.77","32.13","12.5791139","5.01672022","3.58500459","1.98100245","1.99638660"
"74"," 75.1659"," 4260.80"," 71.92","28.76"," 5.9838892","1.26710525","2.53304847","0.07283321","2.11090224"
"75"," 75.8107"," 4930.37"," 75.23","23.47"," 4.6968387","1.71431179","1.78866123","0.54513319","0.64873251"
"76"," 75.1427"," 5414.45"," 67.63","20.29"," 7.6134918","2.59050029","2.75009840","0.96433916","1.30855390"
"77"," 75.9160"," 5477.65"," 68.60","19.89"," 5.5470845","1.91497903","1.15597349","1.40700346","1.06912855"
"78"," 75.3965"," 5829.51"," 71.48","21.08"," 7.0968039","2.25639688","2.34000542","0.90704929","1.59335234"
"79"," 76.2833"," 5260.35"," 71.07","19.78"," 5.4718582","1.87188797","2.23674578","0.62419891","0.73902554"
"80"," 75.9579"," 5086.87"," 76.77","20.54"," 6.2649353","1.83627362","2.39065678","0.50459351","1.53341140"
"81"," 76.5082"," 5050.46"," 78.58","19.71"," 9.1029861","2.31165559","2.97110983","1.44770236","2.37251830"
"82"," 76.5490"," 5450.37"," 73.17","17.87"," 4.4969053","1.69256074","1.19515432","0.82522306","0.78396713"
"83"," 76.8250"," 6136.47"," 74.17","16.96"," 4.3322205","0.95580905","2.21022368","0.11286682","1.05332091"
"84"," 77.2752"," 7129.88"," 76.67","16.45"," 3.5432366","1.37767908","1.66795877","0.30529104","0.19230769"
"85"," 79.3272"," 6585.67"," 76.86","16.19"," 7.1230420","2.96262785","1.35136757","1.35915944","1.44988715"
"86"," 78.9049"," 7368.55"," 77.78","15.81"," 4.6244526","1.67170117","1.45694096","0.36602479","1.12978573"
"87"," 78.6684"," 7473.25"," 77.92","13.66"," 3.1816782","1.21017126","0.76133563","0.79303372","0.41713755"
"88"," 79.3941"," 6640.68"," 71.60","12.93"," 3.2979381","1.14995839","1.44541390","0.45256583","0.25000000"
"89"," 79.8662"," 5961.14"," 74.94","14.18"," 4.0917263","1.16625499","1.25532473","0.56599345","1.10415315"
"90"," 80.3068"," 6948.33"," 75.50","15.65"," 9.3940476","2.73173269","1.93375763","1.52778344","3.20077380"
"91"," 80.4151"," 6514.21"," 75.63","13.73"," 4.1414628","1.09990399","0.92593566","0.28860029","1.82702288"
"92"," 80.5149"," 6664.82"," 84.15","15.23"," 2.0890854","0.67448246","0.82168950","0.18902369","0.40388974"
"93"," 80.6518"," 6334.56"," 81.17","15.06"," 2.4424079","0.65838607","1.23136131","0.07587253","0.47678801"
"94"," 80.5026"," 6394.24"," 77.68","15.88"," 4.0216480","1.69643182","1.57084982","0.28830670","0.46605971"
"95"," 80.2487"," 5652.63"," 76.81","17.56"," 6.5604714","1.35987347","2.19389976","0.74513942","2.26155876"
"96"," 79.7976"," 5652.19"," 73.98","17.05"," 3.4162947","0.40128894","1.65127288","0.00000000","1.36373290"
"97"," 79.7833"," 6496.89"," 74.35","17.89"," 6.7665080","2.35251591","2.66059410","0.67759205","1.07580592"
"98"," 79.4818"," 6032.10"," 70.88","17.34"," 2.1523286","0.60457681","0.98998111","0.45130612","0.10646454"
"99"," 79.5470"," 5727.89"," 73.59","15.80"," 3.0376981","0.92807256","1.27869284","0.37424770","0.45668504"
"100"," 79.3648"," 5987.25"," 65.23","14.96"," 6.2962086","1.61433396","2.65606934","0.76771308","1.25809218"
"101"," 79.1795"," 6595.39"," 67.82","11.95"," 7.3010515","1.85463691","2.84486354","1.07877190","1.52277911"
"102"," 79.5298"," 6666.17"," 68.34"," 9.43"," 6.1694107","2.02664716","3.22679538","0.52428771","0.39168042"
"103"," 79.6165"," 6474.40"," 71.17"," 9.39"," 6.0132764","1.38476401","2.75054954","0.48218145","1.39578145"
"104"," 79.9505"," 6310.70"," 76.59"," 7.51"," 4.8967861","1.67559491","2.50336734","0.41042019","0.30740366"
"105"," 79.7307"," 5403.53"," 74.82"," 9.32","14.1121520","4.60647160","4.97094175","1.60966526","2.92507337"
"106"," 78.8426"," 5537.04"," 70.67"," 8.36","14.8895040","5.21097547","6.14921696","1.73431259","1.79499896"
"107"," 79.4102"," 5832.83"," 71.74"," 7.43"," 6.8401300","2.65399067","2.78320339","0.57528871","0.82764725"
"108"," 79.3327"," 6372.28"," 71.61"," 6.29"," 7.6653136","2.41624659","3.20981929","0.79382591","1.24542184"
"109"," 77.9388"," 6927.87"," 69.30"," 6.97"," 8.1367925","2.89475741","3.73795817","0.64917798","0.85489896"
"110"," 78.3490"," 6734.44"," 67.88"," 7.91"," 5.3754763","1.76364439","2.15111417","0.56295930","0.89775841"
"111"," 78.8608"," 7361.86"," 65.91"," 7.23"," 2.5411297","0.83435753","1.00780639","0.29093802","0.40802771"
"112"," 79.2723"," 7480.74"," 70.09"," 5.76"," 2.6415235","0.69016051","0.87524279","0.28370668","0.79241355"
"113"," 79.4678"," 7031.64"," 69.16"," 6.61"," 3.6368350","0.87297626","1.75299429","0.14588025","0.86498421"
"114"," 79.2684"," 6460.95"," 66.43"," 7.30"," 4.3527648","1.38034906","1.30804173","0.70453498","0.95983902"
"115"," 79.5603"," 6021.84"," 69.96"," 7.38"," 6.2639280","1.43256558","2.53796212","0.40853308","1.88486726"
"116"," 80.0928"," 6216.43"," 73.62"," 6.68"," 8.0295156","2.24796250","3.67962330","0.89504186","1.20688796"
"117"," 79.9300"," 5728.46"," 73.19"," 7.34","10.0040776","3.12115177","3.21272648","2.13342397","1.53677538"
"118"," 80.3098"," 5967.73"," 71.49"," 7.66"," 6.9140677","2.58003043","2.91888741","0.56829852","0.84685130"
"119"," 79.7065"," 6156.83"," 70.72"," 7.30"," 7.3630467","1.69089287","3.65297050","0.76300366","1.25617972"
"120"," 79.9651"," 6127.09"," 69.60"," 6.88"," 6.1682386","1.61625264","2.50034660","0.89703141","1.15460794"
"121"," 80.0518"," 5954.35"," 70.71"," 8.27","15.8561244","4.90345372","5.21415597","2.77562759","2.96288713"
"122"," 80.5916"," 5927.06"," 70.43"," 9.04","12.5115385","3.71277095","4.73343279","1.72257577","2.34275895"
"123"," 80.1969"," 5914.03"," 72.21"," 9.17","12.8162840","3.84071631","4.50647489","2.60538883","1.86370402"
"124"," 80.2542"," 6509.88"," 69.29"," 7.86"," 8.8172706","1.62842230","4.04163206","1.63303875","1.51417748"
"125"," 80.0200"," 6699.18"," 68.76"," 5.25"," 6.3883961","1.68801247","2.55543786","0.86361225","1.28133352"
"126"," 80.5472"," 7054.99"," 68.32"," 5.20"," 2.6792645","0.52470582","1.46139993","0.19873245","0.49442634"
"127"," 80.6630"," 7355.07"," 70.69"," 4.57"," 4.1098218","1.05195157","2.07146720","0.57020400","0.41619904"
"128"," 79.9932"," 7591.42"," 72.18"," 4.45"," 4.3042157","1.10742009","2.40839124","0.25225846","0.53614589"
"129"," 80.2564"," 7822.48"," 71.03"," 4.73"," 4.1160619","1.28001010","1.64559161","0.51537986","0.67508038"
"130"," 80.5109"," 8064.83"," 71.13"," 5.11"," 2.6433348","0.98086551","0.70779370","0.34269487","0.61198069"
"131"," 80.9104"," 8554.48"," 68.50"," 4.99"," 3.3989345","0.80974255","0.65908915","0.34611425","1.58398850"
"132"," 81.7241"," 8795.28"," 72.89"," 6.06"," 6.6149696","1.80545147","2.72977131","0.52909111","1.55065568"
"133"," 82.1835"," 9428.77"," 74.67"," 4.95"," 4.2087786","1.30278889","2.29082739","0.23218898","0.38297331"
"134"," 82.4157"," 9991.80"," 71.03"," 5.57"," 2.3912693","0.92495456","1.07940557","0.15580397","0.23110518"
"135"," 83.5251","10517.50"," 78.11"," 6.28"," 3.0785665","1.23493845","1.28659562","0.25819094","0.29884146"
"136"," 83.2504"," 9948.13"," 73.86"," 5.98"," 1.5843756","0.57097111","0.51399592","0.23596975","0.26343876"
"137"," 83.8090","10036.29"," 72.94"," 6.59"," 4.0435653","1.28125253","1.40367368","0.84419941","0.51443970"
"138"," 83.6054","10281.82"," 74.90"," 6.57"," 3.1286801","0.82232855","1.12813677","0.63402143","0.54419336"
"139"," 83.2130","10116.39"," 74.54"," 6.81"," 2.7606477","0.89159006","0.98481379","0.45526667","0.42897723"
"140"," 83.4391","10264.32"," 75.27"," 7.21"," 2.3931969","0.89861150","0.90839038","0.19857837","0.38761669"
"141"," 83.6558","10957.37"," 76.62"," 7.36"," 1.7507528","0.56662154","0.78942086","0.28401172","0.11069871"
"142"," 83.9191","11564.35"," 76.07"," 7.76"," 3.2733750","0.84175062","1.00329775","0.24442505","1.18390158"
"143"," 84.7348","12102.55"," 78.39"," 8.20"," 2.8553649","0.84947814","1.21677686","0.16813143","0.62097847"
"144"," 84.4192","12917.88"," 79.77"," 8.50"," 2.8772178","0.85806484","1.16605285","0.35079425","0.50230591"
"145"," 84.5327","13097.12"," 78.19"," 8.60"," 2.5007633","0.66300642","0.72810529","0.16970855","0.93994305"
"146"," 84.7039","13789.46"," 74.89"," 9.15"," 1.8175191","0.35606115","0.68085276","0.21683495","0.56377023"
"147"," 84.5558","12676.90"," 79.36"," 9.41"," 1.9224050","0.52632523","0.82608912","0.20298220","0.36700841"
"148"," 84.9623","12322.99"," 80.13"," 9.63"," 4.2755578","0.99185633","1.36441871","0.56097587","1.35830688"
"149"," 85.8984","12964.39"," 77.33"," 9.75"," 3.6238608","1.06170164","1.49596024","0.50312019","0.56307877"
"150"," 84.4931","13486.13"," 78.72"," 9.63"," 1.7107368","0.70430483","0.64699562","0.14012494","0.21931142"
"151"," 84.8196","14409.66"," 76.53"," 9.61"," 1.9689809","0.98017711","0.45738747","0.15563070","0.37578559"
"152"," 86.0114","14243.19"," 81.81"," 9.60"," 1.5214887","0.73249198","0.36006546","0.30877874","0.12015249"
"153"," 86.1309","16120.08"," 81.55"," 9.21"," 2.9356145","0.88580568","1.26931637","0.08534851","0.69514393"
"154"," 86.2770","15759.73"," 80.70"," 8.91"," 2.3058044","0.45027622","0.68345781","0.17086445","1.00120589"
"155"," 87.1458","16830.96"," 85.19"," 8.71"," 2.8959314","0.92233022","0.69955012","0.63330301","0.64074803"
"156"," 87.6076","17802.71"," 88.04"," 8.22"," 2.7063307","0.74278994","1.07236747","0.06877579","0.82239755"
"157"," 88.9832","18907.10"," 84.23"," 7.88"," 2.2957149","0.43607736","0.72892725","0.17551078","0.95519952"
"158"," 88.2766","18706.32"," 79.93"," 7.61"," 1.6535689","0.54556645","0.60097162","0.22682405","0.28020675"
"159"," 88.2397","19272.63"," 89.73"," 7.37"," 1.5061549","0.46770036","0.39216153","0.13081759","0.51547544"
"160"," 88.8457","20646.19"," 83.99"," 7.17"," 2.4369172","0.69261199","0.91936459","0.18261054","0.64233011"
"161"," 90.2901","18677.92"," 86.43"," 7.02"," 2.9333666","1.08827222","0.71843918","0.73227573","0.39437948"
"162"," 89.2846","19147.17"," 86.32"," 7.02"," 4.5206366","1.90592134","1.03935987","0.91693322","0.65842215"
"163"," 89.4992","20095.93"," 85.13"," 7.03"," 4.7628945","1.93198989","0.99362582","0.85891035","0.97836840"
"164"," 89.7635","21049.35"," 90.53"," 7.03"," 3.3592199","0.99429544","0.80577098","0.90846940","0.65068405"
"165"," 89.7391","21937.11"," 90.12"," 7.06"," 2.9056847","1.05842162","0.36499710","0.63213012","0.85013591"
"166"," 90.1159","23046.95"," 90.68"," 7.05"," 1.1204022","0.40203799","0.40510056","0.14821174","0.16505195"
"167"," 89.6358","24962.01"," 91.68"," 7.04"," 1.5360139","0.73003514","0.13264251","0.20352102","0.46981522"
"168"," 90.1086","26448.32"," 93.30"," 7.04"," 2.2410161","0.86469063","0.75178133","0.10106808","0.52347609"
"169"," 90.0581","27561.49"," 86.87"," 7.04"," 2.2764902","1.11651527","0.47039158","0.34001265","0.34957069"
"170"," 90.2695","26638.95"," 84.93"," 7.04"," 1.2100600","0.49019321","0.06174745","0.42129667","0.23682265"
"171"," 90.5094","28747.69"," 92.25"," 7.04"," 2.0006163","1.24586877","0.33886496","0.30011667","0.11576591"
"172"," 91.0203","28996.71"," 88.18"," 7.01"," 1.5387433","0.52095227","0.35533935","0.38958593","0.27286576"
"173"," 91.5202","31398.96"," 90.13"," 7.24"," 1.7466191","0.69256341","0.55112422","0.29565792","0.20727353"
"174"," 91.7490","31151.05"," 88.80"," 7.20"," 2.8752627","1.44442828","0.99237556","0.40330948","0.03514938"
"175"," 91.8075","30659.66"," 90.63"," 7.19"," 3.1500844","1.24596410","1.23732338","0.05265929","0.61413758"
"176"," 91.8054","30347.86"," 94.86"," 7.20"," 3.5337186","1.37981917","1.38110577","0.33577326","0.43702043"
"177"," 92.2697","30296.19"," 94.89"," 7.21"," 3.8841552","1.25427698","1.87424425","0.27990628","0.47572774"
"178"," 92.5979","31458.67","101.07"," 7.20"," 3.7079721","1.52851768","1.42957855","0.38172462","0.36815121"
"179"," 91.8995","29770.52","100.08"," 7.44"," 2.5322541","0.97127663","0.89061793","0.26293842","0.40742110"
"180"," 91.9049","29536.83","100.55"," 7.44"," 4.9099095","1.47800527","1.23335199","0.89829830","1.30025390"
"181"," 92.3877","28793.64"," 97.03"," 7.42"," 5.3365947","1.72478863","2.90664401","0.47748151","0.22768058"
"182"," 92.4695","28918.52"," 95.90"," 7.43"," 3.7402706","1.46636670","1.35144944","0.47779074","0.44466369"
"183"," 91.5110","30912.99"," 92.83"," 7.43"," 2.5075921","0.85843691","1.20006165","0.23136553","0.21772801"
"184"," 93.0419","30281.41","101.30"," 7.44"," 3.1871680","0.87732153","1.74601934","0.29154934","0.27227780"
"185"," 92.7482","31975.47"," 99.61"," 7.44"," 3.0788209","0.75156738","1.38086571","0.47721650","0.46917135"
"186"," 93.3278","29395.49","100.75"," 7.56"," 2.4706662","0.75039089","0.98380056","0.56664829","0.16982646"
"187"," 93.4006","27501.02","103.85"," 7.93"," 1.9256846","0.58999220","0.76880794","0.41275404","0.15413040"
"188"," 92.3617","26290.99"," 98.35"," 8.18"," 2.5436435","0.50332992","1.05687601","0.37328855","0.61014899"
"189"," 92.0769","24888.90"," 97.12"," 8.17"," 6.3859177","2.35861215","2.83901660","0.40033856","0.78795039"
"190"," 92.7174","20445.32","103.75"," 7.74","10.3311224","3.68156063","4.22707470","1.12770599","1.29478106"
"191"," 91.0619","20534.72"," 96.94"," 7.43"," 6.7895122","2.67769956","2.01938241","1.07129935","1.02113093"
"192"," 89.8143","22380.32"," 98.78"," 8.02"," 5.2921629","2.02174790","2.15084531","0.68191393","0.43765572"
"193"," 86.8849","19565.14"," 88.00"," 7.59"," 6.4539966","2.13694430","2.90961764","0.36375414","1.04368054"
"194"," 86.4392","17752.18"," 81.83"," 7.12"," 7.7069607","2.66369950","2.34254883","1.80327101","0.89744138"
"195"," 86.1946","19626.75"," 86.18"," 7.03"," 5.2346217","2.32083235","1.73779370","0.98795946","0.18803616"
"196"," 85.5465","21898.85"," 84.02"," 6.05"," 3.0578100","1.09042042","1.54137144","0.28267119","0.14334691"
"197"," 85.0597","24331.71"," 84.96"," 5.29"," 3.0581079","1.06990797","1.27517209","0.26504447","0.44798334"
"198"," 86.3818","24368.38"," 87.56"," 4.98"," 3.0820256","0.83237393","1.67680537","0.18169164","0.39115467"
"199"," 87.9166","27043.50"," 89.80"," 4.59"," 2.3889286","0.84414833","1.05794896","0.20640385","0.28042749"
"200"," 87.5542","28129.95"," 85.95"," 4.49"," 2.4565621","0.79826252","0.86702637","0.35934857","0.43192469"
"201"," 87.9473","29232.24"," 86.74"," 4.48"," 3.3956306","1.25909005","1.43230234","0.46450623","0.23973200"
"202"," 88.8894","28646.03"," 91.12"," 4.51"," 2.5386219","1.25961022","0.76413314","0.29986704","0.21501151"
"203"," 89.4247","30957.11"," 88.00"," 4.51"," 3.5383926","1.33643733","1.25316440","0.52633763","0.42245326"
"204"," 89.6364","32120.47"," 93.65"," 4.50"," 3.0894345","0.73746569","1.33505602","0.39966387","0.61724896"
"205"," 89.8111","30391.61"," 90.46"," 4.49"," 3.4426747","0.70711801","1.01082190","0.65871412","1.06602066"
"206"," 90.0311","31634.54"," 83.50"," 4.49"," 3.2484591","1.41444235","1.30852143","0.46797450","0.05752085"
"207"," 91.2525","33266.43"," 91.16"," 4.45"," 2.3201278","0.79899929","1.14288769","0.22077069","0.15747017"
"208"," 91.3675","32687.32"," 91.14"," 4.44"," 4.9115656","1.76525515","1.69850931","0.73759545","0.71020569"
"209"," 91.4683","32038.53"," 89.03"," 4.52"," 6.4374344","2.28995258","2.45634413","0.99466276","0.69647496"
"210"," 91.4834","31156.97"," 90.41"," 4.59"," 5.0199308","2.40341643","1.52196947","0.81682854","0.27771637"
"211"," 91.8320","32308.74"," 90.05"," 4.60"," 4.2495499","1.59306770","1.75051440","0.84620272","0.05976503"
"212"," 92.0048","31679.85"," 89.47"," 4.52"," 4.0425089","1.77328971","1.19920521","0.80534915","0.26466479"
"213"," 92.4345","33330.34"," 91.23"," 4.43"," 4.9590104","1.44984609","2.06218375","0.59281781","0.85416277"
"214"," 92.4408","35568.22"," 96.23"," 4.03"," 5.3174920","1.70762541","1.75991495","0.65603664","1.19391504"
"215"," 92.6014","36817.32"," 95.57"," 3.97"," 4.3151419","1.59693318","1.76066796","0.69540034","0.26214038"
"216"," 93.2437","38550.79"," 98.94"," 4.30"," 3.3314012","1.35433761","1.26964837","0.30394418","0.40347101"
"217"," 93.4008","36982.24"," 92.67"," 4.14"," 4.3169150","1.51956882","1.58399741","0.73416857","0.47918019"
"218"," 93.4800","37019.70"," 87.02"," 4.04"," 2.7297853","1.02489355","0.80798507","0.57644022","0.32046643"
"219"," 94.0715","37440.51"," 93.27"," 4.27"," 3.8556034","1.46934089","1.39879692","0.81370263","0.17376296"
"220"," 93.6166","36962.62"," 91.53"," 4.28"," 3.4081792","1.25866076","1.00433844","0.69291096","0.45226902"
"221"," 94.4872","35832.79"," 96.33"," 4.31"," 3.0606730","1.20896014","0.89728573","0.76715018","0.18727692"
"222"," 95.0833","36558.07","100.55"," 4.37"," 2.6102569","1.04632990","0.58879283","0.20867559","0.76645860"
"223"," 95.5009","35999.34"," 99.29"," 4.14"," 5.9615224","1.75704673","3.44909132","0.37295129","0.38243305"
"224"," 96.0917","35721.10","101.40"," 4.05","13.3472670","3.37075645","7.58697485","1.22852372","1.16101193"
"225"," 96.1835","33503.28"," 98.51"," 4.23","10.3513607","3.68558148","4.25625853","1.56006895","0.84945178"
"226"," 96.2026","36159.99","104.09"," 4.36"," 6.2209300","1.92860182","2.94246959","0.82874936","0.52110918"
"227"," 97.1180","36829.15","108.51"," 4.35"," 8.0575382","2.16483291","3.88648271","1.11063434","0.89558819"
"228"," 96.8098","37077.52","110.12"," 4.34","11.1739637","3.48929921","5.82304229","1.36335357","0.49826859"
"229"," 97.3125","37422.68"," 98.55"," 4.27","12.0272152","4.27985451","4.96302852","1.49912435","1.28520785"
"230"," 97.6794","37816.69"," 98.42"," 4.32","10.6181993","3.67406224","5.12985298","1.23794434","0.57633971"
"231"," 97.9672","39521.24","101.51"," 4.24"," 4.7883945","2.40786474","1.54599500","0.70568627","0.12884851"
"232"," 98.3386","39461.00"," 99.14"," 4.29"," 5.7186540","2.08258836","2.58643395","0.61466414","0.43496755"
"233"," 97.7670","37872.95","105.11"," 4.39"," 8.3463819","2.89710388","3.78274249","1.24234129","0.42419423"
"234"," 98.7005","40199.55","101.02"," 4.34","13.6796511","3.24633305","7.66868408","1.77573645","0.98889749"
"235"," 99.1371","40704.28","106.95"," 4.15"," 6.4950941","1.24813371","3.94577166","0.82676857","0.47442021"
"236"," 98.6614","39421.65","104.37"," 4.13"," 6.6371380","2.18092261","2.68205650","1.09099820","0.68316067"
"237"," 98.9788","40866.96","102.99"," 4.17"," 5.7940806","1.75366845","3.00036197","0.52639983","0.51365039"
"238"," 98.9655","41619.96","109.96"," 4.21"," 6.2827077","2.16647543","2.65170870","0.91973919","0.54478441"
"239","100.3288","41833.52","110.01"," 4.29"," 7.6657965","2.44468483","3.52165220","0.96580128","0.73365817"
"240"," 99.4601","43705.83","103.57"," 4.05"," 6.9446141","2.68162251","2.75104522","0.73462740","0.77731897"
"241"," 99.5237","45278.06"," 97.94"," 4.15"," 6.4724774","1.15523231","3.71266048","1.08272536","0.52185926"
"242"," 99.4411","44120.99"," 97.87"," 4.19"," 5.4463142","1.69725199","1.94346480","1.11704604","0.68855136"
"243"," 99.6735","44077.09"," 95.26"," 3.98"," 4.2290326","1.22015523","2.44500736","0.37931941","0.18455065"
"244"," 99.1890","42263.48","100.94"," 3.82"," 3.9428867","1.50870060","1.87516943","0.47489048","0.08412622"
"245"," 99.7780","41588.32","102.72"," 3.72"," 2.5984942","1.12763037","0.78501638","0.27471275","0.41113476"
"246"," 99.6183","40623.30"," 95.59"," 3.78"," 6.2163719","2.44205425","1.86659059","1.63730703","0.27042000"
"247"," 99.6705","40837.88","101.21"," 3.85"," 4.0850124","1.19005424","1.84246358","0.45140648","0.60108808"
"248","100.3458","39492.37"," 99.06"," 3.84"," 4.3775339","1.94710520","1.61094615","0.48017394","0.33930866"
"249","100.4750","40185.23"," 95.85"," 3.64"," 5.8648918","2.19374218","2.52114403","0.74922954","0.40077601"
"250","100.6298","41038.65","105.18"," 3.39"," 6.6834316","1.89772641","3.61127675","0.60675412","0.56767428"
"251","100.6008","42499.13","103.27"," 3.39"," 3.5883335","1.05300128","1.65449950","0.54322021","0.33761254"
"252","100.9679","42727.09","105.09"," 3.29"," 2.7798526","0.68536622","1.52848375","0.18713290","0.37886973"
"253","100.2067","40879.75"," 94.46"," 3.14"," 3.4857957","0.98401430","1.51776706","0.34179757","0.64221673"
"254","101.5261","38782.89"," 96.09"," 3.16"," 4.0369052","1.57147525","1.37733236","0.49306661","0.59503101"
"255","101.3630","40461.60"," 99.53"," 3.17"," 3.5762564","1.21543818","1.69924888","0.45246439","0.20910498"
"256","102.3077","40711.56"," 98.15"," 3.23"," 2.1349182","0.42935815","1.03197308","0.23898140","0.43460560"
"257","102.8786","41362.51","103.16"," 3.28"," 2.9223891","0.78741485","1.24566420","0.62283210","0.26647790"
"258","102.4797","42737.17","100.26"," 3.02"," 3.1477146","1.04632579","1.48517844","0.22251974","0.39369061"
"259","102.9102","43817.69","104.30"," 2.83"," 1.0514791","0.09287525","0.92978544","0.00000000","0.02881844"
"260","102.7232","45628.09","103.10"," 2.77"," 2.6316937","0.57892033","1.06672787","0.16712951","0.81891599"
"261","102.7868","44985.66","102.01"," 2.83"," 2.9110699","0.85871729","1.18479119","0.73969938","0.12786204"
"262","103.8829","45027.52","114.09"," 2.90"," 3.7379576","1.04968616","1.26762374","0.60269582","0.81795189"
"263","103.8713","44190.47","108.66"," 2.85"," 3.0994648","0.76015776","1.29696124","0.57823545","0.46411033"
"264","103.9902","43145.66","112.99"," 2.81"," 2.7734078","0.66408077","0.85892925","0.48447417","0.76592364"
"265","104.1243","40950.58","103.14"," 2.67"," 4.6392434","1.24334966","2.62633844","0.69973571","0.06981956"
"266","104.5082","44190.17"," 97.32"," 2.81"," 1.5763867","0.10911676","1.00375424","0.10911676","0.35439893"
"267","104.4084","43724.78","103.79"," 3.04"," 2.7570107","0.98629043","0.93056460","0.40613484","0.43402079"
"268","106.0605","44582.39","104.31"," 2.97"," 2.2414004","0.26682045","1.10763289","0.49466079","0.37228627"
"269","105.1028","44703.62","105.96"," 2.98"," 2.0551916","0.84739638","0.50569188","0.60632799","0.09577539"
"270","105.3676","45053.70","108.93"," 2.96"," 3.0923240","0.58793728","1.48622214","0.58793728","0.43022729"
"271","106.3850","44752.93","113.03"," 2.99"," 4.4556659","1.55205844","1.95108367","0.73410554","0.21841822"
"272","106.5924","43721.96","110.22"," 3.04"," 5.2212965","1.78437915","1.71035838","1.10606559","0.62049338"
"273","107.6838","42632.54","111.75"," 3.10"," 7.4622606","2.57803924","2.44885361","2.11515827","0.32020945"
"274","106.8255","44542.76","113.99"," 3.02"," 2.4797616","0.48116175","1.17926508","0.34815964","0.47117510"
"275","105.9863","43418.55","111.34"," 3.02"," 2.2760767","0.78297710","0.84834420","0.20134883","0.44340656"
"276","106.5330","42977.50","114.96"," 3.14"," 4.3340465","1.15790204","1.26674671","0.91976210","0.98963561"
"277","107.1804","43630.77","103.90"," 3.08"," 4.7479547","1.30948181","2.00581512","0.76956355","0.66309422"
"278","108.1626","43714.93","105.65"," 3.36"," 3.3052407","1.19668284","1.37474552","0.50494100","0.22887138"
"279","107.5235","45881.08","105.39"," 3.80"," 2.4395473","0.86134125","0.98508137","0.41836262","0.17476210"
"280","107.4919","45784.77","107.60"," 3.74"," 1.7699415","0.45551082","0.91564310","0.26224092","0.13654666"
"281","107.6691","45459.45","108.40"," 3.81"," 3.6785167","0.87575271","1.79601833","0.35344713","0.65329851"
"282","108.5239","45966.49","110.21"," 3.81"," 7.7085148","2.78467190","3.20905128","1.23896201","0.47582956"
"283","108.5819","46660.67","105.83"," 4.21"," 6.3094756","1.53364476","3.28909253","0.76214428","0.72459399"
"284","108.6098","47541.32","112.00"," 4.24"," 2.0989482","0.24414818","1.35489958","0.12449913","0.37540127"
"285","109.2955","47245.80","110.48"," 4.28"," 3.5308139","1.12267733","1.00283856","0.60725023","0.79804775"
"286","109.8744","48009.28","113.24"," 4.69"," 2.7708339","0.65804768","1.04832501","0.32523460","0.73922660"
"287","109.6925","45285.50","114.32"," 5.15","11.2680299","2.91789491","4.44786705","2.81686766","1.08540032"
"288","110.3846","45642.90","115.29"," 5.61"," 8.9135156","1.54592292","3.42024601","2.10893812","1.83840855"
"289","110.6561","47001.06","105.28"," 5.83","13.9616061","3.72077510","4.39206093","4.13427042","1.71449964"
"290","110.2175","46856.79","100.64"," 6.06"," 9.9968086","2.19915005","3.37658489","2.90216457","1.51890904"
"291","110.5958","48541.56","110.61"," 6.32"," 6.4381589","1.73102798","3.03747240","0.91708048","0.75257805"
"292","110.8794","49261.33"," 95.61"," 6.50"," 5.3347919","0.99497825","1.53243540","2.08693879","0.72043946"
"293","110.2917","48788.44","111.34"," 6.56"," 5.8231252","1.66610270","2.04814227","1.54234033","0.56653991"
"294","111.0105","49857.49","109.23"," 6.82"," 4.8017896","1.19989360","2.10939814","0.86538405","0.62711378"
"295","110.2719","51011.87","105.62"," 6.99"," 4.0728732","1.19181912","1.87780085","0.90040785","0.10284539"
"296","111.3214","51210.48","111.96"," 6.94"," 5.2370837","0.97068824","1.97096694","1.61350367","0.68192490"
"297","110.0820","50346.06","107.64"," 6.99"," 3.1262343","0.93489630","0.68148742","1.21251479","0.29733575"
"298","111.1379","48625.53","109.97"," 7.03"," 3.8794215","0.98066427","1.33097526","1.25716427","0.31061773"
"299","111.7939","47092.44","108.99"," 7.02"," 6.6517345","1.63092266","2.43563656","1.62607405","0.95910119"
"300","112.5371","49354.42","114.69"," 7.17"," 7.0304390","2.00217030","2.86539685","1.13915042","1.02372141"
"301","112.1708","50456.17","109.57"," 7.25"," 8.2717654","1.69878772","3.58773605","2.19409437","0.79114723"
"302","112.9116","47437.93","105.29"," 7.40"," 5.2929466","1.58922006","1.70584042","1.25703581","0.74085034"
"303","113.8640","46124.85","107.55"," 7.47"," 5.1077608","1.33467986","1.71791607","0.83971162","1.21545322"
"304","112.8652","48358.16","105.09"," 7.46"," 5.2117809","1.24789726","1.86384276","0.81730606","1.28273487"
"305","113.5684","44662.55","116.36"," 7.51"," 7.6147966","2.10789424","1.96214098","2.64277065","0.90199073"
"306","113.0637","47663.20","111.71"," 7.64"," 8.4644949","2.05291591","2.46765964","3.21057866","0.73334068"
"307","113.4178","49698.01","110.57"," 7.73"," 7.5677340","1.99916373","2.50521543","1.85078255","1.21257227"
"308","113.3991","49547.68","109.79"," 7.73"," 6.5692935","1.32160275","2.43539858","2.07541409","0.73687810"
"309","113.3272","49504.16","105.97"," 7.69"," 4.3387092","0.96673286","1.09737476","1.72295590","0.55164568"
"310","113.1819","43942.55","113.09"," 7.69"," 6.8483491","1.47114167","2.42968926","1.44031446","1.50720370"
"311","113.4108","41732.78","103.37"," 7.83"," 8.4756819","2.71532077","2.94990898","0.94893399","1.86151820"
"312","112.3496","41640.27","104.97"," 8.02"," 6.8907967","2.26107067","2.69172571","1.47886701","0.45913335"
"313","113.2750","43987.94","111.83"," 7.95"," 7.9916213","1.94070918","2.91005641","1.73280303","1.40805264"
"314","113.9332","42823.81","104.42"," 7.93"," 6.9947401","1.95083954","2.48853723","1.94904794","0.60631536"
"315","113.0665","43281.28","105.62"," 8.02"," 8.0285115","2.63463385","4.07174579","0.50518945","0.81694243"
"316","113.0393","44597.32"," 98.58"," 7.78"," 8.3287012","2.44944440","3.97869376","1.22616386","0.67439921"
"317","113.0273","42749.16","107.67"," 8.07"," 7.2547469","1.35720135","3.30211238","1.03608645","1.55934672"
"318","113.0642","43161.17","101.27"," 8.25","11.6309156","2.08862569","4.96236213","3.15984743","1.42008038"
"319","113.0082","40863.09","101.85"," 8.14"," 8.5474982","1.95152319","4.78385700","1.14010555","0.67201243"
"320","112.7606","42622.50","104.32"," 8.01","13.4002793","3.06165116","6.48549831","2.04654323","1.80658663"
"321","112.8782","43011.27"," 98.82"," 7.72","10.6403161","3.20422415","5.06594843","1.14865873","1.22148483"
"322","112.3610","43337.28","103.28"," 7.66"," 9.7762170","2.76949334","4.46939877","1.74303278","0.79429215"
"323","112.4490","42820.18"," 99.67"," 7.47"," 9.0054349","2.26217874","4.83225641","1.16815778","0.74284201"
"324","112.4358","43541.02","101.82"," 7.12","10.7702178","2.93049290","4.48922966","1.72710832","1.62338693"
"325","112.4248","44108.31","102.10"," 7.12","11.8321335","1.94789734","6.49375193","1.61198774","1.77849652"
"326","112.1508","41324.31"," 95.40"," 6.96","12.3965104","4.09031470","4.64938688","1.99092754","1.66588124"
