"","fecha","epu","mon","fis","com","reg"
"37",1993-01-01,0.279850746268657,0,0.0932835820895522,0,0.186567164179104
"38",1993-02-01,1.12559241706161,0.4739336492891,0.355450236966825,0,0.296208530805687
"39",1993-03-01,0.967741935483871,0.32258064516129,0.32258064516129,0,0.32258064516129
"40",1993-04-01,0.762527233115468,0.163398692810458,0.272331154684096,0.163398692810458,0.163398692810458
"41",1993-05-01,1.44628099173554,0.619834710743802,0.516528925619835,0.103305785123967,0.206611570247934
"42",1993-06-01,1.39664804469274,0.512104283054004,0.651769087523277,0.0465549348230912,0.186219739292365
"43",1993-07-01,1.54661953159523,0.574458683163942,0.530269553689792,0.132567388422448,0.309323906319046
"44",1993-08-01,1.13154172560113,0.471475719000472,0.377180575200377,0.0942951438000943,0.188590287600189
"45",1993-09-01,1.19904076738609,0.479616306954436,0.575539568345324,0.0479616306954436,0.0959232613908873
"46",1993-10-01,2.17008797653959,0.879765395894428,0.821114369501466,0,0.469208211143695
"47",1993-11-01,3.65951155624656,1.07286481622093,1.37417491251964,0.315973854318577,0.896497973187419
"48",1993-12-01,4.01577909270217,1.00986193293886,1.99211045364892,0.406311637080868,0.607495069033531
"49",1994-01-01,5.98103847722847,1.66649348450212,1.3718913801464,0.491452498056511,2.45120111452344
"50",1994-02-01,3.5808444496911,0.69678904497698,1.28743162948097,0.101522842639594,1.49510093259355
"51",1994-03-01,8.23924714043432,2.55033728210556,1.43099424898943,0.336134453781513,3.92178115555782
"52",1994-04-01,9.48287270321169,2.5713849442663,3.50893266147503,0.364432228839008,3.03812286863134
"53",1994-05-01,5.22563062492078,2.09310432247433,1.78254531626315,0.451578146786665,0.898402839396628
"54",1994-06-01,4.87498864168536,1.62676028913526,1.55741216153471,0.562723359385063,1.12809283163033
"55",1994-07-01,5.17199490440211,1.90308941407091,1.50336765810349,0.135934958147922,1.62960287407979
"56",1994-08-01,6.11061114488543,2.32404513099381,1.77498647697735,0.154736887454943,1.85684264945932
"57",1994-09-01,4.69202318117176,1.67507012248248,1.84342029083264,0.419470160705553,0.754062607151088
"58",1994-10-01,4.94714145688225,1.92894100413707,1.45564946452549,0.236645769805788,1.32590521841389
"59",1994-11-01,4.56692913385827,1.18110236220472,1.96850393700787,0.15748031496063,1.25984251968504
"60",1994-12-01,8.09632826833176,2.92740164415316,2.44586071317402,0.848111633724791,1.87495427727979
"61",1995-01-01,16.2525103343726,5.72942307241484,4.19626321588485,0.791585593611053,5.53523845246189
"62",1995-02-01,12.1852524793701,5.27916572034219,2.13452948747066,0.952948747066394,3.81860852449088
"63",1995-03-01,7.60033467382797,2.89735769614855,2.30628053223935,0,2.39669644544007
"64",1995-04-01,3.76418645118803,1.26518388909452,1.10739642268294,0.221479284536588,1.17012685487399
"65",1995-05-01,5.17326168571805,1.43994914298737,1.96171330558587,0.331650094157441,1.43994914298737
"66",1995-06-01,1.33856102920515,0,0.513470514865376,0,0.825090514339776
"67",1995-07-01,2.86347876814751,1.15527567399573,0.552927420156058,0.32301864490112,0.832257029094605
"68",1995-08-01,2.48300915160527,0.365432148049088,1.27901251817181,0.279521495128126,0.559042990256252
"69",1995-09-01,3.97953100158983,1.32651033386328,0.379002952532364,0.463462411991824,1.81055530320236
"70",1995-10-01,7.4675716937406,2.3778927367184,2.3045789537272,0.1669467417927,2.6181532615023
"71",1995-11-01,9.39983456949224,4.1421605589906,2.91536995654022,0.270766784113187,2.07153726984823
"72",1995-12-01,3.350973333208,0.807805464953425,0.95744780847284,0.299190690591896,1.28652936918984
"73",1996-01-01,3.87519900166542,1.09812215834798,0.742671921381152,0.430577666851713,1.60382725508458
"74",1996-02-01,2.85659593430112,0.916006100431172,0.916006100431172,0.313494379695355,0.711089353743418
"75",1996-03-01,3.92606723035677,1.35594968034646,0.597846635045026,0.169493710043308,1.80277720492198
"76",1996-04-01,1.33133956082429,0.27485495217907,0.473071007679566,0.0991080277502478,0.484305573215402
"77",1996-05-01,2.4351354402059,0.523416575157223,0.345954285893692,0.172977142946846,1.39278743620814
"78",1996-06-01,1.58191533820617,0.440002432058222,0.350955237044865,0.0890471950133571,0.701910474089729
"79",1996-07-01,3.18565905481858,1.01179869821276,0.796414763704646,0.435773121897402,0.94167247100378
"80",1996-08-01,2.07409881432354,0.250767673531707,1.08275196902723,0,0.74057917176461
"81",1996-09-01,2.3895228946898,0.68272082705423,0.763955595535139,0,0.942846472100435
"82",1996-10-01,4.01989456814429,1.337371769319,0.773858431701146,0.428469448353847,1.48019491877029
"83",1996-11-01,2.42175952702268,0.811216074373969,0.435276224749909,0.221601011074695,0.953666216824112
"84",1996-12-01,4.93604755899838,2.18549210352489,0.327868852459016,0.0732600732600733,2.3494265297544
"85",1997-01-01,3.04638951909595,1.15536465439983,0.735660210296282,0.157977883096367,0.997386771303466
"86",1997-02-01,2.38050876781208,0.852281663694459,0.540502282994534,0.228722902294609,0.759001918828474
"87",1997-03-01,2.95582941599966,1.06585355524499,0.529708211578368,0.529708211578368,0.830559437597933
"88",1997-04-01,3.03202414921063,0.771065823828363,1.20660907839228,0.141641711580813,0.912707535409176
"89",1997-05-01,2.74020633260435,1.23617883970171,0.384581425990573,0.130486015838303,0.988960051073772
"90",1997-06-01,2.43776884563853,0.950567660954799,0.532755094845215,0.0613496932515337,0.893096396586983
"91",1997-07-01,1.28904578519469,0.365497076023392,0.360148338325488,0,0.563400370845814
"92",1997-08-01,2.13415131756123,0.709785615773195,0.566869598570228,0.216771260925272,0.640724842292532
"93",1997-09-01,1.63327683458835,0.475932460844517,0.340705956449656,0.136106402882362,0.680532014411811
"94",1997-10-01,1.8042634398109,0.659900678767376,0.367503017948662,0.419332220125923,0.357527522968939
"95",1997-11-01,4.08228348934012,1.52280610094901,0.968551396433931,0.62237459552325,0.968551396433931
"96",1997-12-01,3.65053582167063,0.851608731658505,0.540616832768268,1.56219747503047,0.696112782213387
"97",1998-01-01,3.052814506285,1.2231641181897,0.608524585581304,0.382620971123473,0.838504831390527
"98",1998-02-01,3.63255560244126,2.19436525334861,0.302469961702386,0.227338481612228,0.908381905778034
"99",1998-03-01,3.88199120253186,1.549728372335,0.907843353042597,0.516576124111666,0.907843353042597
"100",1998-04-01,2.82203650867525,1.06922438738137,1.15533611678819,0.134181410208849,0.46329459429684
"101",1998-05-01,4.07656453996356,1.53396292736116,1.27271308876487,0.199468085106383,1.07042043873115
"102",1998-06-01,5.2603188014576,2.34286757947901,1.54519414333748,0.170127204963911,1.2021298736772
"103",1998-07-01,5.47224706285213,3.44217224533838,0.570554368953565,0.0619578686493185,1.39756257991087
"104",1998-08-01,6.76825045587723,2.84565738521114,1.76872169975618,0.563402790583318,1.59046858032659
"105",1998-09-01,10.3996477680688,3.82036171509856,2.76908487434803,0.944252523199892,2.86594865542234
"106",1998-10-01,5.49494773327079,2.6764835301417,0.972715454293049,0.481070412991858,1.36467833584418
"107",1998-11-01,6.38191507425845,1.94116653767433,2.76476667265352,0.423309126626966,1.25267273730363
"108",1998-12-01,6.2931998640341,1.94561261623902,2.13201789882502,0.326699432163849,1.88886991680621
"109",1999-01-01,10.3159672660899,3.95520509502521,2.24185491233733,1.08335935155232,3.03554790717505
"110",1999-02-01,5.99073467382883,2.04232053234175,0.928889238456203,0.571568683112237,2.44795621991863
"111",1999-03-01,4.87387491234643,1.67622450841955,1.39923921500821,0.296485211761429,1.50192597715724
"112",1999-04-01,5.74226339571943,2.83256689341142,1.37575502387287,0.299516562195331,1.23442491623981
"113",1999-05-01,4.24811815486291,1.77686361699335,1.02082861078863,0.774676105830398,0.675749821250532
"114",1999-06-01,5.96990781024637,2.95262396159411,0.616028979027953,0.505252957371495,1.89600191225281
"115",1999-07-01,4.57418303838339,2.08363015091442,0.527283364113796,0.880773020132321,1.08249650322285
"116",1999-08-01,5.46107334219374,2.65642608067939,1.48002798760035,0.459291996905802,0.865327277008195
"117",1999-09-01,7.30151013138394,2.67463323368284,1.91542741728188,0.635407785199264,2.07604169521995
"118",1999-10-01,3.72724514528244,1.56712781511965,0.728404181463916,0.123579234766606,1.30813391393227
"119",1999-11-01,3.76978313962851,1.40561418460877,0.829249414252379,0.617208598571964,0.917710942195393
"120",1999-12-01,2.88548664712934,0.399626744563453,1.41154850900353,0.44850753060137,0.625803862960993
"121",2000-01-01,6.36032089179257,3.23631990417153,1.51274070245317,0.0628535512256442,1.54840673394223
"122",2000-02-01,3.70079666256799,1.40860132092846,1.3851676373181,0,0.907027704321425
"123",2000-03-01,2.41445066918494,1.34580057689912,0.724452006390906,0.135629312823462,0.208568773071456
"124",2000-04-01,2.9498751743227,1.3207165664192,0.693485930748316,0.375963986116311,0.559708691038873
"125",2000-05-01,3.25809073657067,1.14216250798696,1.02525902646699,0.243549659571692,0.847119542545027
"126",2000-06-01,7.17327594413393,2.5323324221778,1.85671739219126,0.339507432037317,2.44471869772755
"127",2000-07-01,3.94665763086816,1.42537774116721,0.702270439112544,0.198816777764146,1.62019267282425
"128",2000-08-01,1.81952479682498,0.755062633174496,0.310388381547334,0.201944868726647,0.552128913376504
"129",2000-09-01,1.85989438118455,0.506641000724787,0.537320693707404,0.263272146553645,0.552660540198713
"130",2000-10-01,3.65792656713373,1.37125567432473,1.1433354464045,0,1.1433354464045
"131",2000-11-01,6.38625124712625,1.64818375857736,1.34790048801225,1.3992442392142,1.99092276132245
"132",2000-12-01,3.28271932831713,0.725595589400769,1.19339083969844,0.658526508247181,0.705206390970738
"133",2001-01-01,5.49585473087386,1.10585114835009,2.80947501516987,0.917060564319383,0.663468003034514
"134",2001-02-01,2.14597631890342,0.364046084430025,0.943174956214,0.561969228733382,0.276786049526011
"135",2001-03-01,2.74608323526292,0.580438772040625,0.880249274702403,0.528899647473487,0.756495541046408
"136",2001-04-01,5.46751829257936,1.70320688673125,1.82516126145716,0.726322352582884,1.21282779180806
"137",2001-05-01,6.16607880357323,1.45307947848202,3.21755411018506,0.420234993680674,1.07521022122548
"138",2001-06-01,4.80560335790585,1.26470707028078,2.38010331502354,0.630560419257221,0.53023255334431
"139",2001-07-01,5.20602302863185,1.2455295280914,2.49654079896985,0.491216093226894,0.972736608343707
"140",2001-08-01,4.15963250588344,1.72008137507808,1.46810834723028,0.407320764582524,0.56412201899256
"141",2001-09-01,14.2849506716011,3.8440668963148,5.62976314207357,2.34060082110402,2.4705198121087
"142",2001-10-01,14.4329678253847,4.39132613061572,4.93761911547735,1.63544353887156,3.46857904042007
"143",2001-11-01,6.69774957664566,1.91005301956927,2.5140697188691,0.435352879115626,1.83827395909167
"144",2001-12-01,6.79663741333446,1.7255702888302,3.01530219548412,0.224804109724265,1.83096081929587
"145",2002-01-01,7.03961615661706,2.13933977471644,2.3873293034666,0.962707888236518,1.5502391901975
"146",2002-02-01,3.9785034322282,0.490742242062813,1.73600804181062,0.574850537854043,1.17690261050072
"147",2002-03-01,2.11904395617594,0.182863262309006,1.35045999581343,0.173448863367489,0.412271834686008
"148",2002-04-01,2.4201519714022,0.651095368699862,0.549695103050603,0.182306414516572,1.03705508513516
"149",2002-05-01,3.08284347470228,0.551148124093307,1.2313756262434,0.479898795213433,0.820420929152139
"150",2002-06-01,4.20534952871346,1.06569783157864,0.632227652402348,1.14779091769847,1.359633127034
"151",2002-07-01,6.0333317176742,1.77877456910823,1.66141622525027,1.1834137615057,1.40972716180999
"152",2002-08-01,7.30043589685946,2.6344565589542,2.44106082182317,0.638891923712438,1.58602659236965
"153",2002-09-01,7.9776730509047,3.39795697511991,2.62820065164577,0.930134946888346,1.02138047725067
"154",2002-10-01,6.07667464118919,2.59695068976472,1.67130058239013,0.401733674896307,1.40668969413802
"155",2002-11-01,5.75231418694753,1.08216450667221,2.57487730815826,1.16713645139534,0.928135920721715
"156",2002-12-01,5.05337628216881,1.39054923496815,1.79461300524713,1.01907585783621,0.849138184117323
"157",2003-01-01,13.5767030701233,4.85477000076412,4.39941393813199,1.74610256078268,2.57641657044452
"158",2003-02-01,10.4671394543119,3.30652141736017,4.68323721214848,0.796534209923992,1.68084661487929
"159",2003-03-01,10.7194101521154,3.97213867725169,3.90346083483779,1.57348670774918,1.27032393227677
"160",2003-04-01,8.14148196891295,1.46972027995269,3.36308501682533,1.75927489626529,1.54940177586964
"161",2003-05-01,5.07530479998512,1.27782485552534,2.40180716778837,0.56432143157184,0.831351345099563
"162",2003-06-01,2.38452195692259,0.799471926673845,0.697834642927906,0.310672751568118,0.576542635752724
"163",2003-07-01,3.38787710287191,0.591524305421733,1.95148578667652,0.481747566017011,0.363119444756646
"164",2003-08-01,3.54429019095994,0.537020723794954,2.04508215743509,0.34266614393651,0.619521165793388
"165",2003-09-01,3.41233876033871,0.729428207582955,1.78441150910489,0.20119583782406,0.697303205826805
"166",2003-10-01,2.12357650398239,0.735093972957763,0.717850814059625,0.144602323731884,0.526029393233122
"167",2003-11-01,3.01073207592495,0.483321029237434,1.19848879150352,0.173872919712344,1.15504933547166
"168",2003-12-01,5.43143282259063,1.61944264588219,2.29374940540982,0.245953550914674,1.27228722038395
"169",2004-01-01,4.03587215251122,0.791696092381266,1.84780035278728,0.625259383038239,0.771116324304431
"170",2004-02-01,1.73507048837047,0.221844729188988,0.967806720019493,0.239012659246721,0.306406379915272
"171",2004-03-01,2.64676680483798,0.894368570540563,1.09102104910281,0.338414074589243,0.322963110605364
"172",2004-04-01,1.77795752231037,0.794364064416657,0.423493338436406,0.228510367261005,0.331589752196306
"173",2004-05-01,3.31698392464118,1.28605566236904,1.2316762823116,0.314806285999632,0.484445693960903
"174",2004-06-01,2.66741627329608,0.986467482280714,0.71695094793777,0.43707411189184,0.526923731185754
"175",2004-07-01,1.89310934716698,0.479318327954005,0.711631329557399,0.17261256659182,0.529547123063758
"176",2004-08-01,2.2758357011254,0.907912708940493,0.699794301665601,0,0.668128690519306
"177",2004-09-01,1.41771785854372,0.374775717095505,0.425432395003199,0.40502826039606,0.212481486048958
"178",2004-10-01,2.88006012327808,0.495249486825093,1.07556757592799,0.442036356962826,0.867206703562175
"179",2004-11-01,2.46000610022022,0.710258524886383,0.775716009946001,0.291412544274091,0.682619021113747
"180",2004-12-01,2.40631394655908,0.378706440484876,1.17101752839512,0.42755755857161,0.429032419107478
"181",2005-01-01,2.81236214182479,0.760862412559431,0.780410133376444,0.407134386102495,0.863955209786425
"182",2005-02-01,1.8417146295561,0.781735408582615,0.255178508206331,0.347856914137749,0.45694379862941
"183",2005-03-01,1.66880370028896,0.266765942735276,0.41887609503828,0.51341352332936,0.469748139186045
"184",2005-04-01,4.03003488641922,1.88339408112265,0.801154582152432,0.510134259307033,0.835351963837103
"185",2005-05-01,2.72568896336369,0.726608531086236,1.64792013997882,0.179596940802294,0.171563351496337
"186",2005-06-01,1.8886403626761,0.666526208529854,0.537339912982275,0.328967132637265,0.355807108526705
"187",2005-07-01,1.84803231929788,0.716713427608413,0.28916800493523,0.254837045067147,0.587313841687088
"188",2005-08-01,1.52709865996125,0.638904075416022,0.360065455926929,0.0389256520046711,0.489203476613627
"189",2005-09-01,2.66285827146528,0.848029452249539,0.902095404819706,0.319227709684947,0.593505704711093
"190",2005-10-01,2.12192888150848,0.301002925865837,0.731380843123007,0.323562070647323,0.76598304187231
"191",2005-11-01,2.37923072597188,1.03276339876708,0.523507756864636,0.333213282640811,0.489746287699351
"192",2005-12-01,2.27785920873139,0.348706295367573,0.869909736282612,0.118422813618939,0.940820363462266
"193",2006-01-01,2.64592285399133,0.858961605844612,0.560328791258745,0.378221446389594,0.84841101049838
"194",2006-02-01,1.42917406989085,0.258947406093112,0.489754506552776,0.233236344208926,0.447235813036039
"195",2006-03-01,1.54705124180208,0.656756763792153,0.203105130850321,0.0997600692351533,0.587429277924455
"196",2006-04-01,2.43063784267798,0.692649262235395,0.459682295152685,0.453365635659174,0.824940649630721
"197",2006-05-01,2.28325760609357,1.32163779728072,0.41315702306808,0.168379599278984,0.38008318646579
"198",2006-06-01,3.44456275287046,1.74678073414519,0.876936835966991,0.176344863225575,0.644500319532701
"199",2006-07-01,3.77905989399451,2.05984489003947,0.296284879904976,0.34202418079037,1.08090594325969
"200",2006-08-01,2.83921808369148,0.897425485072944,0.91354831817873,0.331988633532104,0.696255646907707
"201",2006-09-01,2.37058239154389,1.05842162357662,0.606116836359773,0.158966442405317,0.54707748920218
"202",2006-10-01,0.77091286019946,0.263260343978936,0.337624865572165,0,0.17002765064836
"203",2006-11-01,1.76383168927283,0.688511996196948,0.160995217587084,0.297693650659383,0.616630824829413
"204",2006-12-01,1.99618141308651,0.591969858761633,0.56531614874748,0,0.8388954055774
"205",2007-01-01,1.71339919774497,0.702366661715515,0.676800007268405,0.0645779193750982,0.269654609385953
"206",2007-02-01,0.899641383757477,0.490193209907797,0.145710509172815,0.11087806827462,0.152859596402244
"207",2007-03-01,1.78999815491594,1.27035159217272,0.091283090607449,0.312597558121942,0.115765914013829
"208",2007-04-01,1.42202315011881,0.394099040907182,0.657938574666091,0.204372612234007,0.165612922311526
"209",2007-05-01,1.63573109360802,0.658808028468478,0.390450666558016,0.0594445651109209,0.527027833470603
"210",2007-06-01,2.18639745303109,0.888463607057393,0.796361386368973,0.307870997314386,0.193701462290336
"211",2007-07-01,2.53574302343744,0.693126525312968,1.19883223199445,0.0999949060725851,0.543789360057433
"212",2007-08-01,2.85724894466732,1.25933685735479,0.663444319668418,0.313130314018297,0.62133745362582
"213",2007-09-01,3.71254344152779,1.39121638922102,0.989548275152333,0.568267320024632,0.763511457129807
"214",2007-10-01,3.24456140301223,1.40201876366297,0.693276139728173,0.143232583710947,1.00603391591015
"215",2007-11-01,2.47743220708065,1.16051329656793,0.297624513389705,0.627679504285255,0.391614892837759
"216",2007-12-01,4.77435024535496,1.55640590214817,0.843370998253482,0.547517622344271,1.82705572260904
"217",2008-01-01,5.23477029130376,2.01034857297659,1.38730868758628,1.05762913039502,0.779483900345876
"218",2008-02-01,3.69405999900166,1.5977896023323,1.01055858993987,0.455617655885027,0.630094150844459
"219",2008-03-01,2.12483032374151,0.733397803427296,0.639546503039799,0.362886688093836,0.388999329180578
"220",2008-04-01,3.2311103606544,0.970402512650305,1.02186093910099,0.459396675947298,0.779450232955813
"221",2008-05-01,2.7080541478906,0.502545433395134,1.13513411476699,0.531164724364263,0.539209875364211
"222",2008-06-01,1.89150818945725,0.611307491096463,0.501065915193142,0.442985387214904,0.336149395952736
"223",2008-07-01,2.28812132484425,1.06415578712323,0.356757396375238,0.417292853269181,0.449915288076601
"224",2008-08-01,2.84273151266891,0.571944260337781,1.04486456646468,0.398034896500935,0.82788778936552
"225",2008-09-01,5.8991882460278,2.60706656151932,0.942843140870137,1.01056681587223,1.33871172776611
"226",2008-10-01,10.159200328595,3.80764665350242,2.82391872657382,1.21861630652914,2.30901864198962
"227",2008-11-01,6.78737830632529,2.91393223698322,1.53074896613764,0.84696688604302,1.49573021716141
"228",2008-12-01,4.71772817594465,1.2196126108472,2.03183710632314,0.630569306396932,0.835709152377389
"229",2009-01-01,7.33579192307464,2.49549162717668,1.54056391578275,0.870203021080038,2.42953335903517
"230",2009-02-01,7.26283622844503,3.62140767750374,1.16403380473932,0.721231515910894,1.75616323029108
"231",2009-03-01,4.59057779341541,1.86237888177196,1.60731919066953,0.402475071619212,0.718404649354706
"232",2009-04-01,2.77217188833961,1.1820194778917,0.750538990975224,0.542992330062505,0.296621089410179
"233",2009-05-01,2.59774321478561,0.56725884558828,1.18714804241344,0.517422428548174,0.325913898235708
"234",2009-06-01,2.78202500077528,0.582624984644371,1.49637430469469,0.277735036599639,0.425290674836586
"235",2009-07-01,2.14777843491197,0.608402599435818,0.44127605188005,0.703497819776733,0.394601963819373
"236",2009-08-01,2.38038637574062,0.756680004988051,0.607010010707852,0.592396211633378,0.424300148411334
"237",2009-09-01,2.91616662541895,0.793194564328495,1.0146355379023,0.622760768596556,0.485575754591598
"238",2009-10-01,2.09321004956899,0.71048858606924,0.739966873193659,0.299867042871853,0.34288754743424
"239",2009-11-01,2.61605676570912,1.27517548607936,0.606238807320366,0.461167934404884,0.273474537904513
"240",2009-12-01,2.39356618253892,0.661891812402863,1.29392051903243,0.320582632373496,0.117171218730128
"241",2010-01-01,3.84448553865877,0.841714935494888,0.92592804108552,0.851716370815377,1.22512619126299
"242",2010-02-01,3.35573562879389,1.67786781439694,0.639880501075955,0.577778013546778,0.460209299774211
"243",2010-03-01,1.73841590950481,0.67119980014014,0.556969813439031,0.318423671969761,0.19182262395588
"244",2010-04-01,3.91396689413917,1.88653275221921,1.22843533257087,0.235036988937481,0.563961820411608
"245",2010-05-01,6.44179907082656,3.65533060676622,0.570996080303567,0.974463369743664,1.24100901401311
"246",2010-06-01,4.02242973055461,2.33879800952614,0.492042969273347,0.679306860746824,0.5122818910083
"247",2010-07-01,3.52204916486079,1.3662317542198,1.23048537130244,0.552313571879842,0.373018467458712
"248",2010-08-01,3.7005344419167,1.70733486712178,1.0656046803719,0.264664786673628,0.662930107749395
"249",2010-09-01,4.81822696916881,1.41855667673579,1.35096784344967,1.01242789858124,1.03627455040211
"250",2010-10-01,4.26865560151572,1.16158125967158,1.69061463076302,0.433491969817552,0.982967741263571
"251",2010-11-01,3.47503681155289,1.54925146543051,1.01556724424624,0.617543370741639,0.292674731134503
"252",2010-12-01,3.31256917004353,1.69594656908989,0.474805382194852,0.33487520142334,0.806942017335448
"253",2011-01-01,3.80154872731131,1.47768510517738,0.819847134319455,0.73955809377349,0.764458394040989
"254",2011-02-01,2.08471086427911,0.908820192390594,0.502756880725657,0.312393503316251,0.360740287846612
"255",2011-03-01,3.83611171263418,1.91107312222702,0.804800715799564,0.503374289433504,0.616863585174089
"256",2011-04-01,2.50281409473876,1.23312546677188,0.491484698276384,0.292668109630697,0.485535820059798
"257",2011-05-01,2.18172086448009,1.04755504289408,0.479547459698462,0.186936577164517,0.467681784723031
"258",2011-06-01,2.55019687130237,1.25642281706788,0.380117241456469,0.03003003003003,0.883626782747993
"259",2011-07-01,5.34274549227699,2.43124754350076,1.3926176612568,0.947512164351206,0.571368123168218
"260",2011-08-01,12.4885463804779,4.88171028213337,2.98029877126392,2.59078428430396,2.03575304277664
"261",2011-09-01,8.40191096202144,3.69110422294665,2.45085869726055,1.51351564714786,0.746432394666376
"262",2011-10-01,5.30367625353485,2.5919146970031,1.34269164611077,0.710951606663584,0.658118303757394
"263",2011-11-01,6.30812423018071,2.92957484244119,2.07061104285214,0.574483130820333,0.733455214067045
"264",2011-12-01,10.6728834570945,5.40473670171309,3.15636009466219,0.654420990460767,1.45736567025842
"265",2012-01-01,10.9155822393558,5.87306769284652,2.86094594890678,1.24044356053571,0.941125037066741
"266",2012-02-01,8.88146093181197,4.56090863620561,2.80595288378646,0.998348784158132,0.516250627661772
"267",2012-03-01,3.99120780367641,2.1547547361993,0.903965579317263,0.55748987370152,0.374997614458323
"268",2012-04-01,4.64347299935536,1.86009982553062,1.21183267352831,1.06712729907813,0.504413201218308
"269",2012-05-01,6.02217955959282,3.5308014362453,1.27311628253,0.621170645038448,0.59709119577908
"270",2012-06-01,10.0260510448235,3.55682482746178,3.46476194547774,1.75811197970499,1.24635229217904
"271",2012-07-01,5.56578548807285,1.89214060008285,2.29708256155349,1.02375250835429,0.352809818082226
"272",2012-08-01,5.65021846410978,2.83103728768478,1.48483203064786,0.798292415313984,0.536056730463157
"273",2012-09-01,5.07358643048651,1.55350010187139,2.04069143529519,1.13945379280663,0.339941100513295
"274",2012-10-01,5.5517515107319,1.89724877576221,2.41496799089007,0.975768808994386,0.263765935085242
"275",2012-11-01,6.5035654684863,2.70625533663824,1.96203470053455,1.12676816244917,0.708507268864342
"276",2012-12-01,5.99531433695779,2.09600397023795,1.76351332047711,1.10847207058906,1.02732497565367
"277",2013-01-01,6.01730621158416,2.07088419627038,1.78840814159554,1.53835221059133,0.619661663126909
"278",2013-02-01,4.98249346411735,1.35653766802664,1.68921217048435,1.30645061541499,0.630293010191365
"279",2013-03-01,3.27774024994604,1.16962384003954,1.24841480462598,0.414391060346405,0.445310544934116
"280",2013-04-01,3.04736513333081,1.09090372960467,1.4002789464,0.363634576534889,0.192547880791253
"281",2013-05-01,2.55343664936357,1.02343523725523,0.564124941712962,0.439914139969869,0.525962330425509
"282",2013-06-01,4.58712140708082,2.60381065049897,0.863107300630222,0.914399362782456,0.205804093169181
"283",2013-07-01,3.65202472929452,1.47729552166623,0.913927515770697,0.448037422609708,0.81276426924789
"284",2013-08-01,3.86857095097425,1.41012314695689,1.33474483327491,0.816332983846925,0.307369986895525
"285",2013-09-01,4.60853888544635,1.73894132740936,1.35929543685288,1.1947433266851,0.315558794499012
"286",2013-10-01,5.37468207871189,1.93958717001439,1.65038691662222,1.42750328147919,0.357204710596084
"287",2013-11-01,3.16766611310388,1.01277558752017,0.663169515324313,1.23982885914451,0.251892151114888
"288",2013-12-01,2.39197675249974,0.565800888690119,0.838715339363964,0.761939907502159,0.2255206169435
"289",2014-01-01,3.26274595258806,1.05795536461292,1.01290696804898,0.580027674746079,0.611855945180079
"290",2014-02-01,3.56945750727716,1.46035652947684,0.71248761935625,0.66159060800452,0.735022750439549
"291",2014-03-01,2.8707432785701,0.586134509126951,1.13922869983135,0.905703400832576,0.239676668779219
"292",2014-04-01,2.10205592378282,0.564505179545817,0.96964701733296,0.401743290428918,0.166160436475123
"293",2014-05-01,2.32100050260403,0.276767315523236,1.24566419941759,0.565024916633511,0.233544071029698
"294",2014-06-01,2.56038545722432,0.243630610275025,1.09210450538858,0.679893147984791,0.54475719357593
"295",2014-07-01,1.05147913250044,0.243387385946883,0.222021807733083,0.464376245847034,0.121693692973441
"296",2014-08-01,2.24878793175446,0.490036380896007,1.0576045501546,0.392029104716806,0.30911789598704
"297",2014-09-01,2.36073823998268,0.762321574891557,0.478554861111303,0.963957134694849,0.155904669284968
"298",2014-10-01,3.27554117355088,1.6550634974398,0.743196210901448,0.0914548804062746,0.785826584803357
"299",2014-11-01,2.33930702860811,0.289117727034403,1.41246802948077,0.510739574896591,0.126981697196347
"300",2014-12-01,2.40845104664397,0.978446635518816,0.257370340085718,0.511646989711643,0.66098708132779
"301",2015-01-01,3.82089528097231,1.30188577394851,1.46713389863175,0.621674832329456,0.430200776062597
"302",2015-02-01,1.87576615334016,0.948734767092952,0.218233523864131,0.218233523864131,0.490564338518941
"303",2015-03-01,2.47241963878321,1.0833584210475,0.552269646682042,0.281180903299484,0.555610667754179
"304",2015-04-01,1.77671562478434,0.610501652930417,0.434708749550899,0.395728630336163,0.335776591966858
"305",2015-05-01,1.59565359309454,0.724806061399983,0.4099164928476,0.287326172742019,0.173604866104933
"306",2015-06-01,1.74554875653114,0.821604879314046,0.524447990109041,0.0942206955025267,0.305275191605524
"307",2015-07-01,2.9414186417789,1.33863668328575,0.67223771649343,0.458815964482281,0.471728277517437
"308",2015-08-01,4.27291286359054,2.19591944130767,0.5208370433196,0.790895976514637,0.765260402448626
"309",2015-09-01,5.60810512704133,2.95205553128026,1.11947205460811,0.971469086848514,0.565108454304449
"310",2015-10-01,2.25971605480735,0.478717759803957,0.357710983424479,1.15017573274681,0.273111578832102
"311",2015-11-01,1.60357014574275,0.398751732031234,0.652914257360808,0.144140588567089,0.407763567783617
"312",2015-12-01,3.25408675027745,1.15979732916285,0.790466839334491,0.308013445467369,0.995809136312737
"313",2016-01-01,4.25932240685523,1.88653656029858,0.52187139155848,1.07812380918107,0.772790645817099
"314",2016-02-01,2.73192221429411,1.1009560305068,0.420324996523897,0.861541261964589,0.349099925298826
"315",2016-03-01,1.94084950072678,0.806919485898203,0.395848956350741,0.510194628554384,0.227886429923451
"316",2016-04-01,1.42626768189472,0.661028505760976,0.224210487601654,0.404482027495872,0.136546661036218
"317",2016-05-01,3.31529394713066,1.21582848626301,0.844067033181222,0.767868447904827,0.487529979781599
"318",2016-06-01,5.60655859602754,2.23264366077482,1.37633335390282,0.985044636012299,1.0125369453376
"319",2016-07-01,5.54596556653733,1.75518769312269,0.975436661171329,1.84744409070502,0.967897121538292
"320",2016-08-01,2.27651785043908,0.392757543858036,0.719938340558091,0.668771653205479,0.495050312817472
"321",2016-09-01,2.98643695204986,0.897022145448339,0.869006499776126,0.29319292466208,0.927215382163315
"322",2016-10-01,2.25388580584109,0.793276150143144,0.421570474797911,0.238184553726412,0.800854627173621
"323",2016-11-01,9.49046562808625,3.58280188265491,2.98779070281785,1.91961367994246,1.00025936267104
"324",2016-12-01,9.2881367488985,3.88079663298021,1.58183745714827,1.43546077618953,2.3900418825805
"325",2017-01-01,12.4239991752922,3.77255522164431,4.16486261923886,2.86712570541497,1.61945562899409
"326",2017-02-01,8.7237573309571,1.72775574396975,3.62215579519465,1.81821255084447,1.55563324094823
"327",2017-03-01,5.54559229855108,1.75125953210081,2.31960879394459,0.59399391204204,0.880730060463633
"328",2017-04-01,4.54016128289069,1.10913743528609,1.68100614779448,0.749294559781867,1.00072314002825
"329",2017-05-01,5.22167948832886,1.51368616661536,2.13867761582486,0.671257341119527,0.898058364769116
"330",2017-06-01,4.28009107955029,1.12761284130803,2.05103907558146,0.789938991225978,0.311500171434829
"331",2017-07-01,3.02433114424042,1.72480948670797,0.873254878288625,0.323421390145436,0.102845389098389
"332",2017-08-01,4.50285694213845,0.855125831851551,2.22808850256072,0.908198935772113,0.511443671954063
"333",2017-09-01,2.29072295951874,0.688635595525773,1.02978893682111,0.509582842349031,0.0627155848228285
"334",2017-10-01,3.93904747603473,1.73331135594287,0.946546545719714,0.532050702326942,0.727138872045204
"335",2017-11-01,5.35464830211999,2.5093556943294,1.69564471110783,0.707657005372815,0.441990891309941
"336",2017-12-01,5.4363019969034,1.7999043457463,2.27809417712865,0.546938954265759,0.811364519762687
"337",2018-01-01,7.37093254915803,2.30097791258781,2.59182292723896,1.83690758439568,0.641224124935581
"338",2018-02-01,3.82990820942405,1.28571543910992,1.54285937466848,0.836910832363407,0.16442256328225
"339",2018-03-01,3.87953532619384,0.530056706441539,2.05822873996825,0.284616887023649,1.0066329927604
"340",2018-04-01,4.44865427251441,1.21811358576518,1.52783290949621,0.568733640718416,1.1339741365346
"341",2018-05-01,5.50690235124349,2.6747688534995,1.78786422375233,0.599490398440406,0.444778875551247
"342",2018-06-01,6.66276414308986,2.23789782678537,2.17828156156127,1.91630952538542,0.330275229357798
"343",2018-07-01,6.53622797097406,2.73876218828681,1.52913006247733,1.14680932127268,1.12152639893724
"344",2018-08-01,5.36607646223778,2.15037719241754,1.64774489462217,1.33846139806424,0.229492977133837
"345",2018-09-01,3.67418196820777,0.8439832673132,1.80478896453294,0.5067829909649,0.518626745396725
"346",2018-10-01,5.78685022895692,2.24713687676016,1.31767157086613,1.08492899919682,1.13711278213382
"347",2018-11-01,6.3850190651155,2.62339294663398,2.67136100671893,0.346528510677645,0.743736601084941
"348",2018-12-01,5.64323659269931,1.72937018536305,2.79277115191697,0.319800675442317,0.801294579976978
"349",2019-01-01,6.2469956286899,1.60153845632137,2.87534070920255,0.971653453516541,0.798463009649437
"350",2019-02-01,5.58753622611541,2.17699955440811,2.0899026872518,0.691656830794754,0.628977153660743
"351",2019-03-01,6.28952927529447,1.76322174457712,3.23250985946733,0.35494952459582,0.938848146654199
"352",2019-04-01,6.90487415867016,2.46490131370156,2.49128369238605,1.07662673787922,0.872062414703343
"353",2019-05-01,6.42369440586799,1.18244817887799,3.93793917817024,0.669995417293227,0.633311631526536
"354",2019-06-01,9.9988464726752,2.72240737028731,4.19289853860743,2.36676911981488,0.71677144396557
"355",2019-07-01,7.14049588463072,1.47376683782843,3.84729275622584,1.31659943071487,0.502836859861574
"356",2019-08-01,11.640635325879,3.33637436814124,4.08902779783153,2.87458613458591,1.34064702532028
"357",2019-09-01,8.90429561449314,1.79608124913878,4.17040136669187,1.62357396929141,1.31423902937107
"358",2019-10-01,8.51557445294304,2.57649423876043,3.69038929526617,1.31786526553553,0.930825653380906
"359",2019-11-01,8.09258448665212,1.72875775271698,4.37171114952986,1.21143778105306,0.780677803352223
"360",2019-12-01,9.24566317356547,1.76416461084507,4.59138173610115,1.36143448393941,1.52868234267984
"361",2020-01-01,10.7262374684628,2.89748416446339,5.69349190459634,0.98681213916819,1.14844926023484
"362",2020-02-01,11.626497680171,4.61809855384274,3.03198465944764,2.05094924994772,1.9254652169329
"363",2020-03-01,13.6187628126064,5.63498856989346,3.33281361254572,2.43740950791526,2.21355112225191
"364",2020-04-01,13.1230560637091,4.34385954694133,4.87149456067465,1.62146647207026,2.2862354840229
"365",2020-05-01,10.0485302612297,2.46009937748879,3.48517184399895,1.52766647736794,2.57559256237401
